Path,File category,Production / QA / Data / Backup / Documentation,Size,SHA-256,Last modified,Generated by,Required at runtime,Safe for GitHub,Notes
".logs/codex-qa-progress.md","Unknown","Documentation",1231,c1cd538ed94d25f71f30c0f18394f6ca0d2e3a1f5d5e82a98b3f5ca414ef7281,"2026-07-24T22:30:13.209Z","Human","Yes","Yes",""
"app.js","Unknown","Production",237078,e522845cfa7bc1c2fcd9cf323ee3cbdf8470d820572a189420d3bf93835ec877,"2026-07-25T21:49:50.662Z","Human","Yes","Yes",""
"backups/content-backup-initial.json","Unknown","Data",30371,545002c1c3225fe5eff3c6ca096c86f558cedf5ceee340e624ccba732fd3fa08,"2026-07-22T20:31:28.477Z","Human","Yes","Yes",""
"backups/full-admin-backup-initial.json","Unknown","Data",31080,66d0705ec215b28dc4986a79d0b421ef6a5c48d083aed602fa7eeecd498dc322,"2026-07-22T20:31:28.486Z","Human","Yes","Yes",""
"backups/README.md","Unknown","Documentation",1444,27d53be0568fd5ea70c24375d0f10f8d22639efc3a7f2b359b104d8a7a1e5f53,"2026-07-23T20:49:53.475Z","Human","Yes","Yes",""
"CHANGELOG_HE.txt","Unknown","Other",7002,49643844e09a1444b84118ed121de8e83ecfb1fff25759451b263407a3ab6047,"2026-07-23T20:50:59.049Z","Human","Yes","Yes",""
"core/boot.js","Unknown","Production",1299,f97a25bae6d7a9af7d1ed1515690ad563a74aba47adadc3fbb78b3f996018ce5,"2026-07-23T16:52:42.541Z","Human","Yes","Yes",""
"core/inline-editor.js","Unknown","Production",13240,a4adb092bc84839e4f16e49adde6ae3cb73a359187f17cd82b3fe4c4b0eb88e6,"2026-07-23T20:37:32.653Z","Human","Yes","Yes",""
"core/integrity.js","Unknown","Production",28589,1d99046dd4eb5e8822d0d1af9c5d4414f5c7ec6ec58050273ad16488b37d5a86,"2026-07-22T21:13:44.793Z","Human","Yes","Yes",""
"core/persistence.js","Unknown","Production",29058,a1da3674c588d15af846c5a32b84cd935421ee6719aee639095a481bf0a6e159,"2026-07-23T16:52:42.546Z","Human","Yes","Yes",""
"core/README.md","Unknown","Documentation",4448,d8068cfb8ca727f3a561fe6caf5eec4fe1d0b450f93e3c71f671ad98876c0cd9,"2026-07-23T20:48:51.537Z","Human","Yes","Yes",""
"core/recovery-wizard.ps1","Unknown","Production",5537,113b0a692dbc877bc92aba1203ef1d98832e050664ece46a6686ed6ccc1fa1ca,"2026-07-25T16:17:51.537Z","Human","Yes","Yes",""
"core/shared-sync.js","Unknown","Production",12884,9cfa3729bdf959f2ceef5ddfe1e9c3e26a8bdfba21cd2bbc070b7ad0120b8b61,"2026-07-25T16:15:24.239Z","Human","Yes","Yes",""
"core/start-local-server.ps1","Unknown","Production",22634,2329617ae979b0bc7853ba0bbf58a7d86f7f62aacfee927c9c47a9f96684e5b2,"2026-07-25T17:35:33.346Z","Human","Yes","Yes",""
"data/mechlex-data.js","Unknown","Production",24221,81c81477745d8d54b74a5d56f24b8037948b59bbdf50b92d7aa79f3caf44d9d6,"2026-07-22T20:31:28.525Z","Human","Yes","Yes",""
"data/README.md","Unknown","Documentation",1870,6e054ae3372fc9631dfeb9c806b48947236c00b9f405d62968a9fa672c7d654e,"2026-07-23T20:49:13.604Z","Human","Yes","Yes",""
"generate_inventory.js","Unknown","Production",2261,f68ff87cb966585e3fdbecaebb55b9146debebcd741571fce6123bdca9be6564,"2026-07-25T21:54:26.421Z","Human","Yes","Yes",""
"images/catalog.js","Unknown","Production",74,011e1e60896d506ef33c1e80f88ef6be85f5fd7118bea43da872a3b617f294a8,"2026-07-22T20:31:28.540Z","Human","Yes","Yes",""
"images/mechlex-icon.svg","Unknown","Other",600,6dad7efebccceb58f809efbc16849d35d883f6aa0d1236c4b28dfdbad9952a33,"2026-07-22T20:55:00.259Z","Human","Yes","Yes",""
"images/README.md","Unknown","Documentation",2107,38bb4ebe76f838c4afcb7a381114db9586db0367605f1ad7b70fd311dbb56ee6,"2026-07-23T20:49:36.893Z","Human","Yes","Yes",""
"images/README_IMAGES.txt","Unknown","Documentation",939,4411aa3a3d84adf5716731480de88776576c8b1a63219e37c004cf4b56f5ffbf,"2026-07-22T21:17:40.712Z","Human","Yes","Yes",""
"index.html","Unknown","Production",53334,408aa20443440e473cb8512e11d1a1275086b2a2b5d4117164a9ed6f18c211f6,"2026-07-25T17:49:40.149Z","Human","Yes","Yes",""
"manifest.json","Unknown","Data",436254,42af39cafc4e49ca81d5ba53fbee18f03886e8017d3f03e87956d4d441292add,"2026-07-25T17:51:00.729Z","Human","Yes","Yes",""
"qa/architecture/DATA_FLOW.md","Unknown","QA",2372,823969df1e16d17ce7046648f5c757209ec5eacfe6c4fc423204c82efb6be62b,"2026-07-24T22:24:19.500Z","Human","Yes","Yes",""
"qa/architecture/PERSISTENCE_AND_LOCKING.md","Unknown","QA",2154,9ac803e13bdccb01b1e8cece2b0124225f4e919782f84dd32353683888e6b30e,"2026-07-24T22:24:19.503Z","Human","Yes","Yes",""
"qa/architecture/ROLE_MODEL.md","Unknown","QA",1473,97a6511c4d8dc85122c18a6df97cf7ea0d8db056df8c7dc1d2f361f483c9cf47,"2026-07-24T22:24:19.505Z","Human","Yes","Yes",""
"qa/architecture/SYSTEM_MAP.md","Unknown","QA",2726,e894b7eaa01213b7fbcb5ee3454bb0e7e9e110026422d327d1abda0e411604a9,"2026-07-24T22:24:19.497Z","Human","Yes","Yes",""
"qa/automation/accessibility.spec.js","Unknown","QA",3440,4b083e88335c641758ff7dd2aa1ab122ae6b995751384085461744ec3100d506,"2026-07-25T17:48:48.743Z","Human","Yes","Yes",""
"qa/automation/after-fill.png","Unknown","QA",114410,1bce61b4c33f3458050ac4bd9a0c332dcccc7c32b02b3323641b6c11e23fb620,"2026-07-25T18:25:10.926Z","Human","Yes","Yes",""
"qa/automation/all_elements.json","Unknown","QA",50030,32b7bc7d42f8ca76bb19a0d7d817c512a6f44f40d7c642677ca992bf4588a1c0,"2026-07-25T21:50:12.132Z","Human","Yes","Yes",""
"qa/automation/build_clean_hierarchy.js","Unknown","QA",9514,c15f2de0c6ef107119ce3b3d82810b7ae4070f6d547398bb7c049c284083598c,"2026-07-25T18:52:28.033Z","Human","Yes","Yes",""
"qa/automation/capture_initial.js","Unknown","QA",518,b89d3f858c68edf28d374692f84d25f05387217a5a69b3813e6424d05501d3f4,"2026-07-25T21:45:55.281Z","Human","Yes","Yes",""
"qa/automation/capture_qa_screenshots.js","Unknown","QA",1334,193835827a30ddae607a81ed125b94d49c1ad8f51962637a8a09480a9a3be13f,"2026-07-25T21:34:08.919Z","Human","Yes","Yes",""
"qa/automation/check_empty_terms.js","Unknown","QA",382,d7495c7d1f641d56847f4cdb63dc99c7ce5a916add421f8bcf278a26bd16587b,"2026-07-25T21:44:49.309Z","Human","Yes","Yes",""
"qa/automation/debug_mindmap.js","Unknown","QA",1451,462c3c8fd164c0cef31649754df589e993fe619944269a8276c29c8fecfc4370,"2026-07-25T21:45:33.065Z","Human","Yes","Yes",""
"qa/automation/find_all_elements.js","Unknown","QA",1150,3ffe0c8f12e97759021dfb87a85621c42d5f534650a4d737e0bf3a9cfa38c9e5,"2026-07-25T21:47:50.756Z","Human","Yes","Yes",""
"qa/automation/find_mysterious_element.js","Unknown","QA",1667,fd2c0f0f760a1945492ff918a4dd50d74c9d36c38fa8c86647c2fc45184bd383,"2026-07-25T21:44:10.333Z","Human","Yes","Yes",""
"qa/automation/fix_checksum.ps1","Unknown","QA",607,8fbee11c2fdeb7f948892b07a65ff32ea2e3ee9d58f17840d8bcee0d42263655,"2026-07-25T18:53:40.913Z","Human","Yes","Yes",""
"qa/automation/generate_named_test_images.ps1","Unknown","QA",912,5730b5fbd7a94b723d67bfe27bd07d8f5d6d8ff4ac47d1dc15efed8f228e288f,"2026-07-25T18:02:36.017Z","Human","Yes","Yes",""
"qa/automation/generate_test_images.ps1","Unknown","QA",1314,4c755db74f5ab9b558b85dbb96ca57791e6f8c626d45b362838374cf406f1fb0,"2026-07-25T17:57:53.694Z","Human","Yes","Yes",""
"qa/automation/package-lock.json","Unknown","QA",2836,a340ff05af2e6d5f5977a115a2ea798444a268ab6bb55634214c56f2d15cb1de,"2026-07-25T17:36:10.867Z","Human","Yes","Yes",""
"qa/automation/package.json","Unknown","QA",322,353bf1d88d644b53f3fad18af039ac8f10987d1c78e682763b41cab894dd0618,"2026-07-25T17:36:10.855Z","Human","Yes","Yes",""
"qa/automation/qa_hierarchy_demo_part1.js","Unknown","QA",33261,7dcf2f97a9a44230545ae571e344380c4e146f0751b9ccd001d0ebf07a28d539,"2026-07-25T18:52:48.246Z","Human","Yes","Yes",""
"qa/automation/run-server-admin.ps1","Unknown","QA",143,de5bc508d9f7cce7726d691897d77bf28af59a7aad8ceb33412a2739484c8219,"2026-07-25T18:24:45.268Z","Human","Yes","Yes",""
"qa/automation/screenshots/1_main_domain_expanded.png","Unknown","QA",402860,5fbb0915c43ef74514f971fa8c2ded810445d81d4d1d7c057f7b75e4078573c9,"2026-07-25T18:38:23.298Z","Human","Yes","Yes",""
"qa/automation/screenshots/mindmap_clean_hierarchy.png","Unknown","QA",207357,87e6027a0c15630a8f8c51a748169a48fd5bc5d70c157fda76e0b23b60186cba,"2026-07-25T21:34:20.259Z","Human","Yes","Yes",""
"qa/automation/screenshots/mindmap_debug.png","Unknown","QA",259952,e7d6faf0bd4a3f8375bc1a2aa859c13a6f0dd5ac669cf226c3e2bcf27120ee5e,"2026-07-25T21:45:39.932Z","Human","Yes","Yes",""
"qa/automation/screenshots/mindmap_initial.png","Unknown","QA",254661,2646a48f6151650fb3a31b4deb565bec72ceb27848c7c811ac12ff5c6fb523ea,"2026-07-25T21:49:58.321Z","Human","Yes","Yes",""
"qa/automation/terms-tab.png","Unknown","QA",131349,387c440125edff3db4e04db288217a0f6b6706c469a19e0ecd8b2a042c2f0070,"2026-07-25T18:25:14.044Z","Human","Yes","Yes",""
"qa/automation/test-domain.js","Unknown","QA",1423,82e30f8f8405ee8e98d1a52c88f6a5e3cac822f40bc228cfed7ce466dff4d819,"2026-07-25T18:22:48.692Z","Human","Yes","Yes",""
"qa/automation/test-images/Ball_Bearing.png","Unknown","QA",2147,eb2fd3ddc17805235cb3c955124c447429ee4dbb440a92872a601f7e971bf359,"2026-07-25T18:02:41.723Z","Human","Yes","Yes",""
"qa/automation/test-images/FDM_Layers.png","Unknown","QA",2106,95f5f06270df2803c2cbc47cc8eaa1ecca9174d47903798e604f60b51abaa726,"2026-07-25T18:02:41.741Z","Human","Yes","Yes",""
"qa/automation/test-images/Gears.png","Unknown","QA",1832,3604d05d3c5908572cefa52c233b74c3c4bc5aaca4d5f4befcd27bf224612842,"2026-07-25T18:02:41.718Z","Human","Yes","Yes",""
"qa/automation/test-images/Otto_Cycle.png","Unknown","QA",2088,a7c40e30040359cf232e1bcff4e8015bb24e97635f85e89657f91e5c39b2425a,"2026-07-25T18:02:41.706Z","Human","Yes","Yes",""
"qa/automation/test-images/PID_Response.png","Unknown","QA",2168,40ad9698f38541812e6eae6912bf8714d282805294b7f4fee3c10a6047bac7f7,"2026-07-25T18:02:41.747Z","Human","Yes","Yes",""
"qa/automation/test-images/Pump_Curve.png","Unknown","QA",2060,f5d1de16dcfdd01784458b7d5f4700d5bd6bc4a720fa6df333966e613f10f4e4,"2026-07-25T18:02:41.714Z","Human","Yes","Yes",""
"qa/automation/test-images/S-N_Curve.png","Unknown","QA",2008,62a801942f408604021a02711f2fc8d8d8935fc25b15b9eea024d133d6dbabf2,"2026-07-25T18:02:41.703Z","Human","Yes","Yes",""
"qa/automation/test-images/Stress-Strain.png","Unknown","QA",2215,4d715aae6b806c6a1810716e95b12ca66c0855e08e799d45940855d2fa82f8bb,"2026-07-25T18:02:41.698Z","Human","Yes","Yes",""
"qa/automation/test-images/Turning.png","Unknown","QA",1877,afe3553c10b0d451a0ad3104c65b13b968c81ec593ee7861624480a67a5398ee,"2026-07-25T18:02:41.732Z","Human","Yes","Yes",""
"qa/automation/test-images/Vapor_Compression.png","Unknown","QA",2465,98cf76bc90650f8d93d84031e4637a355bdcce1b60bd1424220a50e3f98a90fb,"2026-07-25T18:02:41.710Z","Human","Yes","Yes",""
"qa/automation/test-results/.last-run.json","Unknown","QA",45,91d1c43004802cd49950d78eb11c8fa7d05da8ffffe219a8b13b2f561bc00903,"2026-07-25T17:49:56.834Z","Human","Yes","Yes",""
"qa/automation/weird_elements.json","Unknown","QA",10963,ba1b762b04a89d684cd6e018b07d9b8b730fc87ece1cea14e6945a4f2796bd35,"2026-07-25T21:44:17.050Z","Human","Yes","Yes",""
"qa/evidence/baseline/copy-verification.json","Unknown","QA",979,db58ab55e57a5a890f5563f4dd257b13357f604ee07af8772962f9e0829dedc6,"2026-07-24T21:57:19.603Z","Human","Yes","Yes",""
"qa/evidence/baseline/external-shared-inventory.json","Unknown","QA",2383,ca619ac7434a8a537391ed55bf90cf7c140bea56ca69f4cf48e080b396a42011,"2026-07-24T22:17:21.459Z","Human","Yes","Yes",""
"qa/evidence/baseline/external-shared-state-active.json","Unknown","QA",846087,648647f78f8cf293a7ca44b168a4e63737816cb0c0481629367b1b1c8dadefd7,"2026-07-24T18:29:23.597Z","Human","Yes","Yes",""
"qa/evidence/baseline/external-shared-state-previous.json","Unknown","QA",79852,d6097871d73bbb1f1c68c985aa41d1664a050a9a1633092245b4635342451ce6,"2026-07-24T13:37:13.470Z","Human","Yes","Yes",""
"qa/evidence/baseline/file-list.txt","Unknown","QA",2963,77dbd01a7934fe9393a36f8ea1e0bd0f18b4c4aa10330c3766167064a1fb8ea7,"2026-07-24T21:57:08.709Z","Human","Yes","Yes",""
"qa/evidence/baseline/inventory.json","Unknown","QA",330,d62f2ad2c47c557564349a3032744a22d2ff395c60df3f76c4c3ce43705c164a,"2026-07-24T21:57:08.695Z","Human","Yes","Yes",""
"qa/evidence/commands/critical-regression-20260724T222035302Z.log","Unknown","QA",3010,991f05643cfe7501e58559fd576edaf8cf3bba27a6fc685f8529a5ba1ad891c3,"2026-07-24T22:21:34.595Z","Human","Yes","Yes",""
"qa/evidence/commands/generate-image-fixtures.log","Unknown","QA",1162,85a83cecbc94a6b5ad866a4f3df503297e777eb39f29bc7bceb981eb8ddeb487,"2026-07-24T22:00:19.643Z","Human","Yes","Yes",""
"qa/evidence/commands/phase0-preserve.log","Unknown","QA",318,8c3d284a67d917ffa829283d03e77511a6b4bac90b2b6341f1a3123d81214457,"2026-07-24T21:57:19.668Z","Human","Yes","Yes",""
"qa/evidence/commands/render-qa-plan-docx.log","Unknown","QA",4498,40bb1766657058cfc5aab613a113dc6b93e88ea6257fa0033ec58e72282dece9,"2026-07-24T21:57:27.585Z","Human","Yes","Yes",""
"qa/evidence/commands/shared-api-qa.log","Unknown","QA",576,44e194a16b125724129f4f4843d4b6bc1a4c6686265590a052b07a8fe962d568,"2026-07-24T22:01:27.901Z","Human","Yes","Yes",""
"qa/evidence/commands/static-audit.log","Unknown","QA",1766,c42f864cea9fa2856d1e0ab440b2bc3d8f5f82f3ff4c58e16d8dd07eaba05010,"2026-07-24T22:19:25.893Z","Human","Yes","Yes",""
"qa/evidence/hashes/baseline-sha256.csv","Unknown","QA",9467,bd02a25e8be817e7e52e6ae37696075dbc316b558a1cd77954bf96b7ad6d4f16,"2026-07-24T21:57:08.612Z","Human","Yes","Yes",""
"qa/evidence/hashes/baseline-sha256.txt","Unknown","QA",6923,091348d33ed1dd97b547103b5b0cb4300775439e5a39feff9dd9c4432dd41566,"2026-07-24T21:57:08.634Z","Human","Yes","Yes",""
"qa/evidence/logs/browser-core-results.json","Unknown","QA",14196,3d5f9f899c26f027d1403a803f5ae2a0e8caf164a57f418201d31416700bd3d6,"2026-07-24T22:16:15.047Z","Human","Yes","Yes",""
"qa/evidence/logs/browser-critical-results.json","Unknown","QA",13864,e737e94ae105a03135f1bff7ea187f2b53149b73d10a4c2774d5cc3dfbe141e9,"2026-07-24T22:20:59.121Z","Human","Yes","Yes",""
"qa/evidence/logs/browser-image-results.json","Unknown","QA",8530,941e5781b1dbe98c645132a126bb7f251116ec45d6229b74d6934d80e5bf27e7,"2026-07-24T22:14:24.222Z","Human","Yes","Yes",""
"qa/evidence/logs/browser-qa-results.json","Unknown","QA",13864,e737e94ae105a03135f1bff7ea187f2b53149b73d10a4c2774d5cc3dfbe141e9,"2026-07-24T22:20:59.121Z","Human","Yes","Yes",""
"qa/evidence/logs/critical-browser-server-20260724T222035302Z.err.log","Unknown","QA",0,e3b0c44298fc1c149afbf4c8996fb92427ae41e4649b934ca495991b7852b855,"2026-07-24T22:20:39.538Z","Human","Yes","Yes",""
"qa/evidence/logs/critical-browser-server-20260724T222035302Z.out.log","Unknown","QA",320,c6742f618353db27a6dd2e4790a1a03b9716cc323e6d6b42d1e1eb7bfa26d69b,"2026-07-24T22:20:40.171Z","Human","Yes","Yes",""
"qa/evidence/logs/critical-regression-results.json","Unknown","QA",2556,3887c6b7ca3c9eb0993711f1a0ce36e562710cff236023a2e323f9c16e358bc6,"2026-07-24T22:21:34.585Z","Human","Yes","Yes",""
"qa/evidence/logs/shared-api-results.json","Unknown","QA",7793,68489f9fed67bc4a3ccdfafeeefb95482afb6035559c48541122fc521ddc3e5e,"2026-07-24T22:20:38.006Z","Human","Yes","Yes",""
"qa/evidence/logs/static-audit.json","Unknown","QA",3573,be79c2085027b9a4b0e21f1f39122aaf1d6fc290cd1aaf833e7de501ead2fd8e,"2026-07-24T22:20:35.985Z","Human","Yes","Yes",""
"qa/evidence/logs/test-matrix-summary.json","Unknown","QA",281,79ab56d5bc31560dccb3b8e78feba80cfced221b16588e7a5a93da61185febc2,"2026-07-25T17:10:07.731Z","Human","Yes","Yes",""
"qa/evidence/logs/ux-edge-cases.json","Unknown","QA",7202,7c50042a111f64433ae1acdf00fa3463e40b7430357a53cf5cc69b2adce52ba4,"2026-07-24T22:21:04.819Z","Human","Yes","Yes",""
"qa/evidence/performance/browser-performance.json","Unknown","QA",45,ff490445ecd3dcd1125211f05c98f0ef73cda163dd0ff35a1f59dbdc918f09f6,"2026-07-24T22:20:59.120Z","Human","Yes","Yes",""
"qa/evidence/performance/image-capacity-api.json","Unknown","QA",2853,bde845284c8c45a9f627d20e13c15244905ffea12467d565b54e2c140763219b,"2026-07-24T22:21:33.066Z","Human","Yes","Yes",""
"qa/evidence/recovery/browser-full-admin-backup.json","Unknown","QA",32836,d40bd4cbdda8a71328c3514295e3f07724501f8fa83603b32618216f0fc1380a,"2026-07-24T22:20:51.102Z","Human","Yes","Yes",""
"qa/evidence/screenshots/content-admin.png","Unknown","QA",578108,db4367d7a3790c83481776f794311e61880c6f664cf2b6daa8f749498f3af3ae,"2026-07-24T22:20:49.532Z","Human","Yes","Yes",""
"qa/evidence/screenshots/desktop-home.png","Unknown","QA",595697,bc946061f2933603e965613de0d6975ae90c3d0c52914770320c4be00b86f48c,"2026-07-24T22:20:46.380Z","Human","Yes","Yes",""
"qa/evidence/screenshots/desktop-term-modal.png","Unknown","QA",564175,b96e6142ffb423a7193e14431b125b156f3570cefe9c02d3952249690f0eb6c3,"2026-07-24T22:20:48.231Z","Human","Yes","Yes",""
"qa/evidence/screenshots/mobile-390.png","Unknown","QA",650296,e2bf4c4b59954b7bff6793d7ea5ee58856818c7abbc288a952cb17f6a6c3ed9e,"2026-07-24T22:20:55.912Z","Human","Yes","Yes",""
"qa/evidence/screenshots/restore-second-context.png","Unknown","QA",129675,d35411092fbbcd97fb8045791ec77aed2a0479e2f46e97337854df9363762f00,"2026-07-24T22:20:54.577Z","Human","Yes","Yes",""
"qa/evidence/screenshots/security-direct-super-bypass.png","Unknown","QA",436566,3510e009c8c2e7fd3b2d3fc3ca7806553c31629f613e621108a957029c0de9fb,"2026-07-24T22:20:59.097Z","Human","Yes","Yes",""
"qa/evidence/screenshots/super-admin.png","Unknown","QA",701409,cf78621648dcfba31214aa890aea8e32b33b5cb4fd6ef343e4dd155cc61d7f8a,"2026-07-24T22:20:50.365Z","Human","Yes","Yes",""
"qa/evidence/screenshots/unsaved-change-closed.png","Unknown","QA",595769,c6983c98991cd3787a235b47b0a92b7784b6465e0c7206fa8b2d5166f6cc82a4,"2026-07-24T22:21:03.751Z","Human","Yes","Yes",""
"qa/MechLex_Gemini_Post_Remediation_Deep_QA_v3.docx","Unknown","QA",55218,eecc789f4e42cd5058ba67d69fb3c3346ef11173a31adb2ad510711eb65ecc68,"2026-07-25T10:32:14.749Z","Human","Yes","Yes",""
"qa/MechLex_Gemini_Post_Remediation_Deep_QA_v3.md","Unknown","QA",43174,5d1f51e407e0b3d99c748f70ffc98472ad98dd11d11b7263ebc3aa7392043d99,"2026-07-25T10:31:55.993Z","Human","Yes","Yes",""
"qa/MechLex_Gemini_Post_Remediation_Deep_QA_v3.txt","Unknown","QA",43174,5d1f51e407e0b3d99c748f70ffc98472ad98dd11d11b7263ebc3aa7392043d99,"2026-07-25T10:31:49.436Z","Human","Yes","Yes",""
"qa/patches/PATCH_REGISTER.md","Unknown","QA",325,3a666acf87ff469e1879a0e67f319d4453247538b651f334b3150cca25977634,"2026-07-24T22:24:19.507Z","Human","Yes","Yes",""
"qa/QA_TEST_MATRIX.csv","Unknown","QA",27482,16577ae6ebf590c7df713822b26187b753f968bba5c29207ce9d745c95de6d4e,"2026-07-25T17:10:07.672Z","Human","Yes","Yes",""
"qa/reports/BACKUP_AND_RECOVERY.md","Unknown","QA",1163,5a5e65c733fc6ce6c5d120684ad4a94a860958f6e8acd6d045ab53428f10703b,"2026-07-24T22:28:51.222Z","Human","Yes","Yes",""
"qa/reports/CONCURRENCY_AND_SYNC.md","Unknown","QA",895,00358a53e225b50837f05ad0f5261759e7d4447032600af2ee4cac133817f79b,"2026-07-24T22:28:51.220Z","Human","Yes","Yes",""
"qa/reports/ENVIRONMENT_MATRIX.md","Unknown","QA",785,0d9833b88d2923890ede1a33b5ad66d3a5caa2df4d493c1e73888bc15f36b613,"2026-07-24T22:28:51.215Z","Human","Yes","Yes",""
"qa/reports/EVIDENCE_INDEX.md","Unknown","QA",950,9d51c6562fc71e9fc6d86b26a73eceb2581ecbda74b8bea8a16942905c3f7625,"2026-07-24T22:28:51.226Z","Human","Yes","Yes",""
"qa/reports/EXECUTIVE_SUMMARY_EN.md","Unknown","QA",778,a5a7edc979b8cd10665bb37c57cbf61f7aa2e770b9409df8e21ffc11083ed080,"2026-07-24T22:28:51.204Z","Human","Yes","Yes",""
"qa/reports/EXECUTIVE_SUMMARY_HE.md","Unknown","QA",914,ded1da201e1c35ae22716e5a85a1a82f5146636b5b175766680e4dfe12a315de,"2026-07-24T22:28:51.202Z","Human","Yes","Yes",""
"qa/reports/PERFORMANCE_AND_CAPACITY.md","Unknown","QA",800,251ce1330e8348df3666b8116a06bc51fe887f92561fdcf9b5a1bb18f3588b8b,"2026-07-24T22:28:51.217Z","Human","Yes","Yes",""
"qa/reports/ROADMAP.md","Unknown","QA",1147,052088c71913143f05dad34deede3d52145c32f2842291d1430cc77bfb1886f4,"2026-07-24T22:28:51.210Z","Human","Yes","Yes",""
"qa/reports/SECURITY_PERMISSION_REALITY.md","Unknown","QA",863,6e09dbe416962bac4c33b06d7172a85ca850ee1fa54561397f497829919443a6,"2026-07-24T22:28:51.224Z","Human","Yes","Yes",""
"qa/reports/TOP_IMPROVEMENTS.md","Unknown","QA",1545,a92c5643eb26beaaf7303d9f74492bffcccabf4154fb70dad11cb70d4297cc1d,"2026-07-24T22:28:51.212Z","Human","Yes","Yes",""
"qa/reports/TOP_RISKS.md","Unknown","QA",924,c5d7418f65dbad37fe4a10b58f1430e3e0d7f3c98d3fe96ac090dd997144246b,"2026-07-24T22:28:51.206Z","Human","Yes","Yes",""
"qa/scripts/build-test-matrix.ps1","Unknown","QA",9866,3cba3700ce489d97ee1574d6dd4fb1677fea9d4e3998ea7f7ec5253d1068ad1a,"2026-07-24T22:23:06.488Z","Human","Yes","Yes",""
"qa/scripts/phase0-preserve.ps1","Unknown","QA",4431,c11ccb788795ea3418d762e1b5a467e28ec7f6aa65b34ec3567b86af0186362b,"2026-07-24T21:57:00.440Z","Human","Yes","Yes",""
"qa/scripts/run-critical-regression.ps1","Unknown","QA",7761,c7c5498032855c38eacdce12d2be8e673fa975c4842d5ecef8c2612f8739a9a0,"2026-07-24T22:20:29.509Z","Human","Yes","Yes",""
"qa/tests/browser/browser_qa.cjs","Unknown","QA",19039,ace4186cbbcee3fa7731c9686c4cf1297f35a8b2d370efda062cf27237cfb50c,"2026-07-24T22:13:35.510Z","Human","Yes","Yes",""
"qa/tests/browser/ux_edge_cases.cjs","Unknown","QA",5602,e42da6a9061797959da3bc0b74110127ad7e5fdf8b92a2eeb4836614d96e20f3,"2026-07-24T22:18:23.773Z","Human","Yes","Yes",""
"qa/tests/concurrency/shared_api_qa.mjs","Unknown","QA",9414,963ca614871268e7a4361fe9052443cc88fd68e193ac9c6c390b7903fb5c4452,"2026-07-24T22:01:21.157Z","Human","Yes","Yes",""
"qa/tests/concurrency_simulator.ps1","Unknown","QA",1510,88ebb6ffdb3843c63a577ed8c17b39bac68bd414e7fd3c9c6f7992f856406f9d,"2026-07-25T16:20:33.292Z","Human","Yes","Yes",""
"qa/tests/fixtures/generate_image_fixtures.py","Unknown","QA",1989,a35a5128c4ff6d1e50445380b736ab2bf36f1e723246f1d49e0c00d255c37db4,"2026-07-24T22:00:13.445Z","Human","Yes","Yes",""
"qa/tests/fixtures/image-fixtures.json","Unknown","QA",777,f9a061b8ed6a204b62ccbe6cf4720883ed969e4f3a311a95890a8d241be3eaa3,"2026-07-24T22:00:19.627Z","Human","Yes","Yes",""
"qa/tests/fixtures/mechlex-qa-10mb.png","Unknown","QA",10485760,d8c479d6966b0948b5b7850e7828f94b5c2397c683b2101e53de9be214fc8e6a,"2026-07-24T22:00:19.582Z","Human","Yes","Yes",""
"qa/tests/fixtures/mechlex-qa-15mb.png","Unknown","QA",15728640,4e0e8a3c5b5b7c41644b2553c40eb424260af883d980e6d10ee8247ec681f8d7,"2026-07-24T22:00:19.625Z","Human","Yes","Yes",""
"qa/tests/fixtures/mechlex-qa-1mb.png","Unknown","QA",1048576,d446a8acf9214f5d3445bbb30b65e55cfe07a5aa046a722b9645a2e29c7d7c3d,"2026-07-24T22:00:19.490Z","Human","Yes","Yes",""
"qa/tests/fixtures/mechlex-qa-3mb.png","Unknown","QA",3145728,185ff123ad54cf15e3c95a75256f7b6ffa56320cfc8ca3934f51f95f3354c964,"2026-07-24T22:00:19.502Z","Human","Yes","Yes",""
"qa/tests/fixtures/mechlex-qa-5mb.png","Unknown","QA",5242880,6ddbff259c06b376242725c5fdec149476d0dc8c716fe1a5bd4719f04a977f29,"2026-07-24T22:00:19.524Z","Human","Yes","Yes",""
"qa/tests/fixtures/mechlex-qa-8mb.png","Unknown","QA",8388608,5b12468fd6d53f159d26763651c205682e5df08f04274201ef8e4ac88e60d6b1,"2026-07-24T22:00:19.555Z","Human","Yes","Yes",""
"qa/tests/fixtures/mechlex-qa-corrupt.png","Unknown","QA",29,895622e8ffffd1d4bc533e9736a9aa13315648407f739ad1cebdb693740a939c,"2026-07-24T22:00:19.627Z","Human","Yes","Yes",""
"qa/tests/integration/static_audit.mjs","Unknown","QA",5556,219d1f4dd7d113a84a133da6d39420dbc780f10af72d21cc917f542bd39d7baa,"2026-07-24T22:19:21.272Z","Human","Yes","Yes",""
"qa/tests/performance/image_capacity_api.mjs","Unknown","QA",4932,23eeb1c593e5f33a8f1cacb7ce99c6948588f48b8ed6dd7ac01905abe6df7a1a,"2026-07-24T22:15:14.072Z","Human","Yes","Yes",""
"qa/tests/regression_suite.ps1","Unknown","QA",2042,5c8d4610b15f8ac8365af213240a80c80bd46a55b9ea15243a28c6061a2ca83f,"2026-07-25T16:10:36.950Z","Human","Yes","Yes",""
"qa/workspaces/baseline-preserved/app.js","Unknown","QA",235595,5f562ca54cd00747621816cd715a7c2a96675f243fc6e1950d0e59a227680a39,"2026-07-24T21:44:02.894Z","Human","Yes","Yes",""
"qa/workspaces/baseline-preserved/backups/content-backup-initial.json","Unknown","QA",30371,545002c1c3225fe5eff3c6ca096c86f558cedf5ceee340e624ccba732fd3fa08,"2026-07-22T20:31:28.477Z","Human","Yes","Yes",""
"qa/workspaces/baseline-preserved/backups/full-admin-backup-initial.json","Unknown","QA",31080,66d0705ec215b28dc4986a79d0b421ef6a5c48d083aed602fa7eeecd498dc322,"2026-07-22T20:31:28.486Z","Human","Yes","Yes",""
"qa/workspaces/baseline-preserved/backups/README.md","Unknown","QA",1444,27d53be0568fd5ea70c24375d0f10f8d22639efc3a7f2b359b104d8a7a1e5f53,"2026-07-23T20:49:53.475Z","Human","Yes","Yes",""
"qa/workspaces/baseline-preserved/CHANGELOG_HE.txt","Unknown","QA",7002,49643844e09a1444b84118ed121de8e83ecfb1fff25759451b263407a3ab6047,"2026-07-23T20:50:59.049Z","Human","Yes","Yes",""
"qa/workspaces/baseline-preserved/core/boot.js","Unknown","QA",1299,f97a25bae6d7a9af7d1ed1515690ad563a74aba47adadc3fbb78b3f996018ce5,"2026-07-23T16:52:42.541Z","Human","Yes","Yes",""
"qa/workspaces/baseline-preserved/core/inline-editor.js","Unknown","QA",13240,a4adb092bc84839e4f16e49adde6ae3cb73a359187f17cd82b3fe4c4b0eb88e6,"2026-07-23T20:37:32.653Z","Human","Yes","Yes",""
"qa/workspaces/baseline-preserved/core/integrity.js","Unknown","QA",28589,1d99046dd4eb5e8822d0d1af9c5d4414f5c7ec6ec58050273ad16488b37d5a86,"2026-07-22T21:13:44.793Z","Human","Yes","Yes",""
"qa/workspaces/baseline-preserved/core/persistence.js","Unknown","QA",29058,a1da3674c588d15af846c5a32b84cd935421ee6719aee639095a481bf0a6e159,"2026-07-23T16:52:42.546Z","Human","Yes","Yes",""
"qa/workspaces/baseline-preserved/core/README.md","Unknown","QA",4448,d8068cfb8ca727f3a561fe6caf5eec4fe1d0b450f93e3c71f671ad98876c0cd9,"2026-07-23T20:48:51.537Z","Human","Yes","Yes",""
"qa/workspaces/baseline-preserved/core/shared-sync.js","Unknown","QA",11385,66de6f067ce3903f515febeb24ae49cc2cc8de4c5d735ecc7a50625af96e62d4,"2026-07-23T16:47:55.452Z","Human","Yes","Yes",""
"qa/workspaces/baseline-preserved/core/start-local-server.ps1","Unknown","QA",15801,2dde293fef39005454c7a01c6bf0d02727db98e17cc448c563e09eabeaf7872c,"2026-07-24T21:35:40.538Z","Human","Yes","Yes",""
"qa/workspaces/baseline-preserved/data/mechlex-data.js","Unknown","QA",24221,81c81477745d8d54b74a5d56f24b8037948b59bbdf50b92d7aa79f3caf44d9d6,"2026-07-22T20:31:28.525Z","Human","Yes","Yes",""
"qa/workspaces/baseline-preserved/data/README.md","Unknown","QA",1870,6e054ae3372fc9631dfeb9c806b48947236c00b9f405d62968a9fa672c7d654e,"2026-07-23T20:49:13.604Z","Human","Yes","Yes",""
"qa/workspaces/baseline-preserved/images/catalog.js","Unknown","QA",74,011e1e60896d506ef33c1e80f88ef6be85f5fd7118bea43da872a3b617f294a8,"2026-07-22T20:31:28.540Z","Human","Yes","Yes",""
"qa/workspaces/baseline-preserved/images/mechlex-icon.svg","Unknown","QA",600,6dad7efebccceb58f809efbc16849d35d883f6aa0d1236c4b28dfdbad9952a33,"2026-07-22T20:55:00.259Z","Human","Yes","Yes",""
"qa/workspaces/baseline-preserved/images/README.md","Unknown","QA",2107,38bb4ebe76f838c4afcb7a381114db9586db0367605f1ad7b70fd311dbb56ee6,"2026-07-23T20:49:36.893Z","Human","Yes","Yes",""
"qa/workspaces/baseline-preserved/images/README_IMAGES.txt","Unknown","QA",939,4411aa3a3d84adf5716731480de88776576c8b1a63219e37c004cf4b56f5ffbf,"2026-07-22T21:17:40.712Z","Human","Yes","Yes",""
"qa/workspaces/baseline-preserved/index.html","Unknown","QA",53310,46f5e6a8143d4f7258c6a3afe299a825e5d6cf4c9419c53b13846357395f2e1b,"2026-07-24T13:14:38.949Z","Human","Yes","Yes",""
"qa/workspaces/baseline-preserved/QUALITY_REPORT_HE.txt","Unknown","QA",3908,735a6818c9db3e5b1386b7539833fc8e411952cf894478ebb7f1e8ecdff94964,"2026-07-23T17:14:29.251Z","Human","Yes","Yes",""
"qa/workspaces/baseline-preserved/README.md","Unknown","QA",15924,5d781da44dd15c2ef6b733d5800ee704596893ae1f810742f35e131c02337d99,"2026-07-24T21:47:19.346Z","Human","Yes","Yes",""
"qa/workspaces/baseline-preserved/README_HE.txt","Unknown","QA",30943,8fd0e7a1333b5640dccd146998151622f65c44e72b0724410f2cbd73b20ce135,"2026-07-24T13:43:43.065Z","Human","Yes","Yes",""
"qa/workspaces/baseline-preserved/SHARED_DATA_PATH.txt","Unknown","QA",301,d16e3c40e94092f0937ae1ec662e0ca7fd4f396e15bda0a391d15849fa1d1b5b,"2026-07-23T16:32:42.255Z","Human","Yes","Yes",""
"qa/workspaces/baseline-preserved/START_MECHLEX.bat","Unknown","QA",167,ce27cb22d8028f1bf195e93c787863c24dc691d221603cf9602d18d1f23001bd,"2026-07-22T20:31:28.415Z","Human","Yes","Yes",""
"qa/workspaces/baseline-preserved/style.css","Unknown","QA",166500,df50a16b9ab35e8ec5a67d97bb3d2ac79a2040db0f0b2e2f18581c3b07d2a41e,"2026-07-24T13:30:04.311Z","Human","Yes","Yes",""
"qa/workspaces/baseline-preserved/TEST_REPORT_HE.txt","Unknown","QA",6455,666301e826ec8778f605e76a4e9e470829a64e772bea8d9b5328b7abe77216e3,"2026-07-23T16:52:52.411Z","Human","Yes","Yes",""
"qa/workspaces/baseline-preserved/VERSION.txt","Unknown","QA",288,3c30d65de401f6b310550da2ac8decbeaa873cb3ee00bc54ab81976dabab4841,"2026-07-23T16:52:42.549Z","Human","Yes","Yes",""
"qa/workspaces/baseline-preserved/גיבוי וורד - MechLex_Visual_Admin_Fork/app.js.docx","Unknown","QA",94041,111cd2aae552a1eff45fec3ef7885adbc87c7b9ccca22ba9900f6d3714c66e0a,"2026-07-23T17:14:47.427Z","Human","Yes","Yes",""
"qa/workspaces/baseline-preserved/גיבוי וורד - MechLex_Visual_Admin_Fork/backups/content-backup-initial.json.docx","Unknown","QA",44325,d190693705078867bfca3c1fb07bed74eff3e21d03f56784c606818d3f6db58e,"2026-07-23T17:14:47.634Z","Human","Yes","Yes",""
"qa/workspaces/baseline-preserved/גיבוי וורד - MechLex_Visual_Admin_Fork/backups/full-admin-backup-initial.json.docx","Unknown","QA",44632,d32be88afb46d7fe98630e74348f06193d9b67ea99d32bf74085bb9c730d4bba,"2026-07-23T17:14:47.892Z","Human","Yes","Yes",""
"qa/workspaces/baseline-preserved/גיבוי וורד - MechLex_Visual_Admin_Fork/CHANGELOG_HE.txt.docx","Unknown","QA",38941,4077c82ac1e7ac827ae3c95d8c26b7f8e4652b06a8a079f930f5704ffad9102f,"2026-07-23T17:14:48.023Z","Human","Yes","Yes",""
"qa/workspaces/baseline-preserved/גיבוי וורד - MechLex_Visual_Admin_Fork/core/boot.js.docx","Unknown","QA",37257,e84026a111d4306fdd3015a7d3232c71eec717c012293f6595d2514ad4e52ccf,"2026-07-23T17:14:48.190Z","Human","Yes","Yes",""
"qa/workspaces/baseline-preserved/גיבוי וורד - MechLex_Visual_Admin_Fork/core/inline-editor.js.docx","Unknown","QA",39803,0e8a1841f6cf4e86455ed5b91a4ab45852e53ff189051b5084bd2623959fbf02,"2026-07-23T17:14:48.414Z","Human","Yes","Yes",""
"qa/workspaces/baseline-preserved/גיבוי וורד - MechLex_Visual_Admin_Fork/core/integrity.js.docx","Unknown","QA",44249,c187159c16c1727d8e9a441b0ccea2c9d790afa033f629f7ddae2425d16d4f00,"2026-07-23T17:14:48.637Z","Human","Yes","Yes",""
"qa/workspaces/baseline-preserved/גיבוי וורד - MechLex_Visual_Admin_Fork/core/persistence.js.docx","Unknown","QA",44919,ffcd46709a88d722e081b3347e07e9442fab49bf36c7861a8da42f4338ad4815,"2026-07-23T17:14:48.909Z","Human","Yes","Yes",""
"qa/workspaces/baseline-preserved/גיבוי וורד - MechLex_Visual_Admin_Fork/core/shared-sync.js.docx","Unknown","QA",40144,32a8be126de901026b7278df79d913ad1ce0e9458269c966eb4a913083345e3a,"2026-07-23T17:14:49.146Z","Human","Yes","Yes",""
"qa/workspaces/baseline-preserved/גיבוי וורד - MechLex_Visual_Admin_Fork/core/start-local-server.ps1.docx","Unknown","QA",41811,8b227370ccc78b49b64d285447f4ab4bbf55fa080c38e99095ec2c55756f038d,"2026-07-23T17:14:49.330Z","Human","Yes","Yes",""
"qa/workspaces/baseline-preserved/גיבוי וורד - MechLex_Visual_Admin_Fork/data/mechlex-data.js.docx","Unknown","QA",43751,c0430d3657869e91d53b34eb34c626f5520bc897a42e4c14bcee648f30757569,"2026-07-23T17:14:49.502Z","Human","Yes","Yes",""
"qa/workspaces/baseline-preserved/גיבוי וורד - MechLex_Visual_Admin_Fork/images/catalog.js.docx","Unknown","QA",36659,206385f349b931ff7786dee58ef3ab9859ac62b25c7d9b2264da724a60040cb3,"2026-07-23T17:14:49.594Z","Human","Yes","Yes",""
"qa/workspaces/baseline-preserved/גיבוי וורד - MechLex_Visual_Admin_Fork/images/mechlex-icon.svg.docx","Unknown","QA",36929,e60077aa8400467f9877e34f3e482c0d9b2429ae59b4df70b55f01f0c75e3890,"2026-07-23T17:14:49.670Z","Human","Yes","Yes",""
"qa/workspaces/baseline-preserved/גיבוי וורד - MechLex_Visual_Admin_Fork/images/README_IMAGES.txt.docx","Unknown","QA",37096,0cd31ef8900764791d8522958fbef073b5d1d9c6fb2d1df6f99ff199d142bfa5,"2026-07-23T17:14:49.735Z","Human","Yes","Yes",""
"qa/workspaces/baseline-preserved/גיבוי וורד - MechLex_Visual_Admin_Fork/index.html.docx","Unknown","QA",48561,2ad6cf8f79f9cd24c3bfdb47dc24044b3864c3a1af0d09321c779f4e599b31f1,"2026-07-23T17:14:50.068Z","Human","Yes","Yes",""
"qa/workspaces/baseline-preserved/גיבוי וורד - MechLex_Visual_Admin_Fork/MANIFEST_SHA256.txt.docx","Unknown","QA",38324,bb552e87c5f63bc119edace18e476940397a51774fa7e2cd7221afddcf5b4cd1,"2026-07-23T17:14:50.110Z","Human","Yes","Yes",""
"qa/workspaces/baseline-preserved/גיבוי וורד - MechLex_Visual_Admin_Fork/package.json.docx","Unknown","QA",36891,5fbf4ef2cbffd36a0b891d35ea029d403b59d3bcf1af6c348a2faff75d3f27b9,"2026-07-23T17:14:50.195Z","Human","Yes","Yes",""
"qa/workspaces/baseline-preserved/גיבוי וורד - MechLex_Visual_Admin_Fork/QUALITY_REPORT_HE.txt.docx","Unknown","QA",38218,e5ef63ee45ceb1f32f07b5bab0c4ddbef25889c98039b3822de0c4e085ae0aed,"2026-07-23T17:14:50.281Z","Human","Yes","Yes",""
"qa/workspaces/baseline-preserved/גיבוי וורד - MechLex_Visual_Admin_Fork/README_HE.txt.docx","Unknown","QA",46471,cfbb5b4ae97b92e03e030be1ff47e7c69c4c908db45e96af26682c5fb49915bc,"2026-07-23T17:14:50.497Z","Human","Yes","Yes",""
"qa/workspaces/baseline-preserved/גיבוי וורד - MechLex_Visual_Admin_Fork/SHARED_DATA_PATH.txt.docx","Unknown","QA",36806,4fadd52793b1c39db525adaaa7e6dc9a7e6d7de1e9eb6cd89d9ad1adbece2d76,"2026-07-23T17:14:50.557Z","Human","Yes","Yes",""
"qa/workspaces/baseline-preserved/גיבוי וורד - MechLex_Visual_Admin_Fork/START_MECHLEX.bat.docx","Unknown","QA",36718,80bd45fbc890a2a23c6e72d3e63e2e5b8ac79f5226800bc17d29ca0a6826867a,"2026-07-23T17:14:50.634Z","Human","Yes","Yes",""
"qa/workspaces/baseline-preserved/גיבוי וורד - MechLex_Visual_Admin_Fork/style.css.docx","Unknown","QA",67288,78580cbc9d2e117bf179c348b60eede9189c5792c991cb10ccb8a6b7a5bf830a,"2026-07-23T17:14:51.145Z","Human","Yes","Yes",""
"qa/workspaces/baseline-preserved/גיבוי וורד - MechLex_Visual_Admin_Fork/tests/browser-layout.cjs.docx","Unknown","QA",40190,30a67438d133cc6d8c7a796e715f2807abeeb7a59858679c7a8520f576fc26ec,"2026-07-23T17:14:51.295Z","Human","Yes","Yes",""
"qa/workspaces/baseline-preserved/גיבוי וורד - MechLex_Visual_Admin_Fork/tests/browser-smoke.cjs.docx","Unknown","QA",41999,0fe3e581b3fa87b5a03f73d152763cf4d43366353dc5199cb4429b237d9bc7bc,"2026-07-23T17:14:51.410Z","Human","Yes","Yes",""
"qa/workspaces/baseline-preserved/גיבוי וורד - MechLex_Visual_Admin_Fork/tests/build-manifest.cjs.docx","Unknown","QA",37260,d8a3619b92e6a11b0724b222c270710c055d45827e60662d45e90b21652ff95d,"2026-07-23T17:14:51.464Z","Human","Yes","Yes",""
"qa/workspaces/baseline-preserved/גיבוי וורד - MechLex_Visual_Admin_Fork/tests/build-word-backup.py.docx","Unknown","QA",38831,38699eb5919d9678c9cd5a7bebb8b28faa6df17a8e0cf9379e507ee02beb68fe,"2026-07-23T17:14:51.558Z","Human","Yes","Yes",""
"qa/workspaces/baseline-preserved/גיבוי וורד - MechLex_Visual_Admin_Fork/tests/README_HE.txt.docx","Unknown","QA",37075,01670aedcb7c238e393b04ec17f1f671e5463b650f772f08a6a37516a574080b,"2026-07-23T17:14:51.635Z","Human","Yes","Yes",""
"qa/workspaces/baseline-preserved/גיבוי וורד - MechLex_Visual_Admin_Fork/tests/shared-sync.cjs.docx","Unknown","QA",39259,824a0135b2ca642830ca7b3f0d1a95e92ef2ba9b360f6bd496b8519b1e941e62,"2026-07-23T17:14:51.690Z","Human","Yes","Yes",""
"qa/workspaces/baseline-preserved/גיבוי וורד - MechLex_Visual_Admin_Fork/tests/validate-project.cjs.docx","Unknown","QA",40046,e7b649c0f10c32728f9127d1228c2d8a07cfc4d38319aa70f22c813f4c4529a2,"2026-07-23T17:14:51.752Z","Human","Yes","Yes",""
"qa/workspaces/baseline-preserved/גיבוי וורד - MechLex_Visual_Admin_Fork/TEST_REPORT_HE.txt.docx","Unknown","QA",39261,030a81765578883728de35690cf828f41e465b7d18d3d0623a18233bf1c20b84,"2026-07-23T17:14:51.221Z","Human","Yes","Yes",""
"qa/workspaces/baseline-preserved/גיבוי וורד - MechLex_Visual_Admin_Fork/VERSION.txt.docx","Unknown","QA",36794,b9c5991749f17a668f7c81f18597a2078c6fc27577fa136386421ddfbc244b9f,"2026-07-23T17:14:51.792Z","Human","Yes","Yes",""
"qa/workspaces/baseline-preserved/גיבוי וורד - MechLex_Visual_Admin_Fork/הוראות_התקנה.txt.docx","Unknown","QA",37447,d41a0c4a117de8cb5f5348fc1f725b864f1f6ece8b6aeaf98cc3e3a9958a571b,"2026-07-23T17:14:51.839Z","Human","Yes","Yes",""
"qa/workspaces/baseline-preserved/הוראות_התקנה.txt","Unknown","QA",1751,1d19e8dc5589d1b2fd875834249d19ca95615602fdbe0f71e2588ef0ffe71fe5,"2026-07-22T21:57:50.758Z","Human","Yes","Yes",""
"qa/workspaces/concurrency-a/app.js","Unknown","QA",235595,5f562ca54cd00747621816cd715a7c2a96675f243fc6e1950d0e59a227680a39,"2026-07-24T21:44:02.894Z","Human","Yes","Yes",""
"qa/workspaces/concurrency-a/backups/content-backup-initial.json","Unknown","QA",30371,545002c1c3225fe5eff3c6ca096c86f558cedf5ceee340e624ccba732fd3fa08,"2026-07-22T20:31:28.477Z","Human","Yes","Yes",""
"qa/workspaces/concurrency-a/backups/full-admin-backup-initial.json","Unknown","QA",31080,66d0705ec215b28dc4986a79d0b421ef6a5c48d083aed602fa7eeecd498dc322,"2026-07-22T20:31:28.486Z","Human","Yes","Yes",""
"qa/workspaces/concurrency-a/backups/README.md","Unknown","QA",1444,27d53be0568fd5ea70c24375d0f10f8d22639efc3a7f2b359b104d8a7a1e5f53,"2026-07-23T20:49:53.475Z","Human","Yes","Yes",""
"qa/workspaces/concurrency-a/CHANGELOG_HE.txt","Unknown","QA",7002,49643844e09a1444b84118ed121de8e83ecfb1fff25759451b263407a3ab6047,"2026-07-23T20:50:59.049Z","Human","Yes","Yes",""
"qa/workspaces/concurrency-a/core/boot.js","Unknown","QA",1299,f97a25bae6d7a9af7d1ed1515690ad563a74aba47adadc3fbb78b3f996018ce5,"2026-07-23T16:52:42.541Z","Human","Yes","Yes",""
"qa/workspaces/concurrency-a/core/inline-editor.js","Unknown","QA",13240,a4adb092bc84839e4f16e49adde6ae3cb73a359187f17cd82b3fe4c4b0eb88e6,"2026-07-23T20:37:32.653Z","Human","Yes","Yes",""
"qa/workspaces/concurrency-a/core/integrity.js","Unknown","QA",28589,1d99046dd4eb5e8822d0d1af9c5d4414f5c7ec6ec58050273ad16488b37d5a86,"2026-07-22T21:13:44.793Z","Human","Yes","Yes",""
"qa/workspaces/concurrency-a/core/persistence.js","Unknown","QA",29058,a1da3674c588d15af846c5a32b84cd935421ee6719aee639095a481bf0a6e159,"2026-07-23T16:52:42.546Z","Human","Yes","Yes",""
"qa/workspaces/concurrency-a/core/README.md","Unknown","QA",4448,d8068cfb8ca727f3a561fe6caf5eec4fe1d0b450f93e3c71f671ad98876c0cd9,"2026-07-23T20:48:51.537Z","Human","Yes","Yes",""
"qa/workspaces/concurrency-a/core/shared-sync.js","Unknown","QA",11385,66de6f067ce3903f515febeb24ae49cc2cc8de4c5d735ecc7a50625af96e62d4,"2026-07-23T16:47:55.452Z","Human","Yes","Yes",""
"qa/workspaces/concurrency-a/core/start-local-server.ps1","Unknown","QA",15801,2dde293fef39005454c7a01c6bf0d02727db98e17cc448c563e09eabeaf7872c,"2026-07-24T21:35:40.538Z","Human","Yes","Yes",""
"qa/workspaces/concurrency-a/data/mechlex-data.js","Unknown","QA",24221,81c81477745d8d54b74a5d56f24b8037948b59bbdf50b92d7aa79f3caf44d9d6,"2026-07-22T20:31:28.525Z","Human","Yes","Yes",""
"qa/workspaces/concurrency-a/data/README.md","Unknown","QA",1870,6e054ae3372fc9631dfeb9c806b48947236c00b9f405d62968a9fa672c7d654e,"2026-07-23T20:49:13.604Z","Human","Yes","Yes",""
"qa/workspaces/concurrency-a/images/catalog.js","Unknown","QA",74,011e1e60896d506ef33c1e80f88ef6be85f5fd7118bea43da872a3b617f294a8,"2026-07-22T20:31:28.540Z","Human","Yes","Yes",""
"qa/workspaces/concurrency-a/images/mechlex-icon.svg","Unknown","QA",600,6dad7efebccceb58f809efbc16849d35d883f6aa0d1236c4b28dfdbad9952a33,"2026-07-22T20:55:00.259Z","Human","Yes","Yes",""
"qa/workspaces/concurrency-a/images/README.md","Unknown","QA",2107,38bb4ebe76f838c4afcb7a381114db9586db0367605f1ad7b70fd311dbb56ee6,"2026-07-23T20:49:36.893Z","Human","Yes","Yes",""
"qa/workspaces/concurrency-a/images/README_IMAGES.txt","Unknown","QA",939,4411aa3a3d84adf5716731480de88776576c8b1a63219e37c004cf4b56f5ffbf,"2026-07-22T21:17:40.712Z","Human","Yes","Yes",""
"qa/workspaces/concurrency-a/index.html","Unknown","QA",53310,46f5e6a8143d4f7258c6a3afe299a825e5d6cf4c9419c53b13846357395f2e1b,"2026-07-24T13:14:38.949Z","Human","Yes","Yes",""
"qa/workspaces/concurrency-a/QUALITY_REPORT_HE.txt","Unknown","QA",3908,735a6818c9db3e5b1386b7539833fc8e411952cf894478ebb7f1e8ecdff94964,"2026-07-23T17:14:29.251Z","Human","Yes","Yes",""
"qa/workspaces/concurrency-a/README.md","Unknown","QA",15924,5d781da44dd15c2ef6b733d5800ee704596893ae1f810742f35e131c02337d99,"2026-07-24T21:47:19.346Z","Human","Yes","Yes",""
"qa/workspaces/concurrency-a/README_HE.txt","Unknown","QA",30943,8fd0e7a1333b5640dccd146998151622f65c44e72b0724410f2cbd73b20ce135,"2026-07-24T13:43:43.065Z","Human","Yes","Yes",""
"qa/workspaces/concurrency-a/SHARED_DATA_PATH.txt","Unknown","QA",301,d16e3c40e94092f0937ae1ec662e0ca7fd4f396e15bda0a391d15849fa1d1b5b,"2026-07-23T16:32:42.255Z","Human","Yes","Yes",""
"qa/workspaces/concurrency-a/START_MECHLEX.bat","Unknown","QA",167,ce27cb22d8028f1bf195e93c787863c24dc691d221603cf9602d18d1f23001bd,"2026-07-22T20:31:28.415Z","Human","Yes","Yes",""
"qa/workspaces/concurrency-a/style.css","Unknown","QA",166500,df50a16b9ab35e8ec5a67d97bb3d2ac79a2040db0f0b2e2f18581c3b07d2a41e,"2026-07-24T13:30:04.311Z","Human","Yes","Yes",""
"qa/workspaces/concurrency-a/TEST_REPORT_HE.txt","Unknown","QA",6455,666301e826ec8778f605e76a4e9e470829a64e772bea8d9b5328b7abe77216e3,"2026-07-23T16:52:52.411Z","Human","Yes","Yes",""
"qa/workspaces/concurrency-a/VERSION.txt","Unknown","QA",288,3c30d65de401f6b310550da2ac8decbeaa873cb3ee00bc54ab81976dabab4841,"2026-07-23T16:52:42.549Z","Human","Yes","Yes",""
"qa/workspaces/concurrency-a/גיבוי וורד - MechLex_Visual_Admin_Fork/app.js.docx","Unknown","QA",94041,111cd2aae552a1eff45fec3ef7885adbc87c7b9ccca22ba9900f6d3714c66e0a,"2026-07-23T17:14:47.427Z","Human","Yes","Yes",""
"qa/workspaces/concurrency-a/גיבוי וורד - MechLex_Visual_Admin_Fork/backups/content-backup-initial.json.docx","Unknown","QA",44325,d190693705078867bfca3c1fb07bed74eff3e21d03f56784c606818d3f6db58e,"2026-07-23T17:14:47.634Z","Human","Yes","Yes",""
"qa/workspaces/concurrency-a/גיבוי וורד - MechLex_Visual_Admin_Fork/backups/full-admin-backup-initial.json.docx","Unknown","QA",44632,d32be88afb46d7fe98630e74348f06193d9b67ea99d32bf74085bb9c730d4bba,"2026-07-23T17:14:47.892Z","Human","Yes","Yes",""
"qa/workspaces/concurrency-a/גיבוי וורד - MechLex_Visual_Admin_Fork/CHANGELOG_HE.txt.docx","Unknown","QA",38941,4077c82ac1e7ac827ae3c95d8c26b7f8e4652b06a8a079f930f5704ffad9102f,"2026-07-23T17:14:48.023Z","Human","Yes","Yes",""
"qa/workspaces/concurrency-a/גיבוי וורד - MechLex_Visual_Admin_Fork/core/boot.js.docx","Unknown","QA",37257,e84026a111d4306fdd3015a7d3232c71eec717c012293f6595d2514ad4e52ccf,"2026-07-23T17:14:48.190Z","Human","Yes","Yes",""
"qa/workspaces/concurrency-a/גיבוי וורד - MechLex_Visual_Admin_Fork/core/inline-editor.js.docx","Unknown","QA",39803,0e8a1841f6cf4e86455ed5b91a4ab45852e53ff189051b5084bd2623959fbf02,"2026-07-23T17:14:48.414Z","Human","Yes","Yes",""
"qa/workspaces/concurrency-a/גיבוי וורד - MechLex_Visual_Admin_Fork/core/integrity.js.docx","Unknown","QA",44249,c187159c16c1727d8e9a441b0ccea2c9d790afa033f629f7ddae2425d16d4f00,"2026-07-23T17:14:48.637Z","Human","Yes","Yes",""
"qa/workspaces/concurrency-a/גיבוי וורד - MechLex_Visual_Admin_Fork/core/persistence.js.docx","Unknown","QA",44919,ffcd46709a88d722e081b3347e07e9442fab49bf36c7861a8da42f4338ad4815,"2026-07-23T17:14:48.909Z","Human","Yes","Yes",""
"qa/workspaces/concurrency-a/גיבוי וורד - MechLex_Visual_Admin_Fork/core/shared-sync.js.docx","Unknown","QA",40144,32a8be126de901026b7278df79d913ad1ce0e9458269c966eb4a913083345e3a,"2026-07-23T17:14:49.146Z","Human","Yes","Yes",""
"qa/workspaces/concurrency-a/גיבוי וורד - MechLex_Visual_Admin_Fork/core/start-local-server.ps1.docx","Unknown","QA",41811,8b227370ccc78b49b64d285447f4ab4bbf55fa080c38e99095ec2c55756f038d,"2026-07-23T17:14:49.330Z","Human","Yes","Yes",""
"qa/workspaces/concurrency-a/גיבוי וורד - MechLex_Visual_Admin_Fork/data/mechlex-data.js.docx","Unknown","QA",43751,c0430d3657869e91d53b34eb34c626f5520bc897a42e4c14bcee648f30757569,"2026-07-23T17:14:49.502Z","Human","Yes","Yes",""
"qa/workspaces/concurrency-a/גיבוי וורד - MechLex_Visual_Admin_Fork/images/catalog.js.docx","Unknown","QA",36659,206385f349b931ff7786dee58ef3ab9859ac62b25c7d9b2264da724a60040cb3,"2026-07-23T17:14:49.594Z","Human","Yes","Yes",""
"qa/workspaces/concurrency-a/גיבוי וורד - MechLex_Visual_Admin_Fork/images/mechlex-icon.svg.docx","Unknown","QA",36929,e60077aa8400467f9877e34f3e482c0d9b2429ae59b4df70b55f01f0c75e3890,"2026-07-23T17:14:49.670Z","Human","Yes","Yes",""
"qa/workspaces/concurrency-a/גיבוי וורד - MechLex_Visual_Admin_Fork/images/README_IMAGES.txt.docx","Unknown","QA",37096,0cd31ef8900764791d8522958fbef073b5d1d9c6fb2d1df6f99ff199d142bfa5,"2026-07-23T17:14:49.735Z","Human","Yes","Yes",""
"qa/workspaces/concurrency-a/גיבוי וורד - MechLex_Visual_Admin_Fork/index.html.docx","Unknown","QA",48561,2ad6cf8f79f9cd24c3bfdb47dc24044b3864c3a1af0d09321c779f4e599b31f1,"2026-07-23T17:14:50.068Z","Human","Yes","Yes",""
"qa/workspaces/concurrency-a/גיבוי וורד - MechLex_Visual_Admin_Fork/MANIFEST_SHA256.txt.docx","Unknown","QA",38324,bb552e87c5f63bc119edace18e476940397a51774fa7e2cd7221afddcf5b4cd1,"2026-07-23T17:14:50.110Z","Human","Yes","Yes",""
"qa/workspaces/concurrency-a/גיבוי וורד - MechLex_Visual_Admin_Fork/package.json.docx","Unknown","QA",36891,5fbf4ef2cbffd36a0b891d35ea029d403b59d3bcf1af6c348a2faff75d3f27b9,"2026-07-23T17:14:50.195Z","Human","Yes","Yes",""
"qa/workspaces/concurrency-a/גיבוי וורד - MechLex_Visual_Admin_Fork/QUALITY_REPORT_HE.txt.docx","Unknown","QA",38218,e5ef63ee45ceb1f32f07b5bab0c4ddbef25889c98039b3822de0c4e085ae0aed,"2026-07-23T17:14:50.281Z","Human","Yes","Yes",""
"qa/workspaces/concurrency-a/גיבוי וורד - MechLex_Visual_Admin_Fork/README_HE.txt.docx","Unknown","QA",46471,cfbb5b4ae97b92e03e030be1ff47e7c69c4c908db45e96af26682c5fb49915bc,"2026-07-23T17:14:50.497Z","Human","Yes","Yes",""
"qa/workspaces/concurrency-a/גיבוי וורד - MechLex_Visual_Admin_Fork/SHARED_DATA_PATH.txt.docx","Unknown","QA",36806,4fadd52793b1c39db525adaaa7e6dc9a7e6d7de1e9eb6cd89d9ad1adbece2d76,"2026-07-23T17:14:50.557Z","Human","Yes","Yes",""
"qa/workspaces/concurrency-a/גיבוי וורד - MechLex_Visual_Admin_Fork/START_MECHLEX.bat.docx","Unknown","QA",36718,80bd45fbc890a2a23c6e72d3e63e2e5b8ac79f5226800bc17d29ca0a6826867a,"2026-07-23T17:14:50.634Z","Human","Yes","Yes",""
"qa/workspaces/concurrency-a/גיבוי וורד - MechLex_Visual_Admin_Fork/style.css.docx","Unknown","QA",67288,78580cbc9d2e117bf179c348b60eede9189c5792c991cb10ccb8a6b7a5bf830a,"2026-07-23T17:14:51.145Z","Human","Yes","Yes",""
"qa/workspaces/concurrency-a/גיבוי וורד - MechLex_Visual_Admin_Fork/tests/browser-layout.cjs.docx","Unknown","QA",40190,30a67438d133cc6d8c7a796e715f2807abeeb7a59858679c7a8520f576fc26ec,"2026-07-23T17:14:51.295Z","Human","Yes","Yes",""
"qa/workspaces/concurrency-a/גיבוי וורד - MechLex_Visual_Admin_Fork/tests/browser-smoke.cjs.docx","Unknown","QA",41999,0fe3e581b3fa87b5a03f73d152763cf4d43366353dc5199cb4429b237d9bc7bc,"2026-07-23T17:14:51.410Z","Human","Yes","Yes",""
"qa/workspaces/concurrency-a/גיבוי וורד - MechLex_Visual_Admin_Fork/tests/build-manifest.cjs.docx","Unknown","QA",37260,d8a3619b92e6a11b0724b222c270710c055d45827e60662d45e90b21652ff95d,"2026-07-23T17:14:51.464Z","Human","Yes","Yes",""
"qa/workspaces/concurrency-a/גיבוי וורד - MechLex_Visual_Admin_Fork/tests/build-word-backup.py.docx","Unknown","QA",38831,38699eb5919d9678c9cd5a7bebb8b28faa6df17a8e0cf9379e507ee02beb68fe,"2026-07-23T17:14:51.558Z","Human","Yes","Yes",""
"qa/workspaces/concurrency-a/גיבוי וורד - MechLex_Visual_Admin_Fork/tests/README_HE.txt.docx","Unknown","QA",37075,01670aedcb7c238e393b04ec17f1f671e5463b650f772f08a6a37516a574080b,"2026-07-23T17:14:51.635Z","Human","Yes","Yes",""
"qa/workspaces/concurrency-a/גיבוי וורד - MechLex_Visual_Admin_Fork/tests/shared-sync.cjs.docx","Unknown","QA",39259,824a0135b2ca642830ca7b3f0d1a95e92ef2ba9b360f6bd496b8519b1e941e62,"2026-07-23T17:14:51.690Z","Human","Yes","Yes",""
"qa/workspaces/concurrency-a/גיבוי וורד - MechLex_Visual_Admin_Fork/tests/validate-project.cjs.docx","Unknown","QA",40046,e7b649c0f10c32728f9127d1228c2d8a07cfc4d38319aa70f22c813f4c4529a2,"2026-07-23T17:14:51.752Z","Human","Yes","Yes",""
"qa/workspaces/concurrency-a/גיבוי וורד - MechLex_Visual_Admin_Fork/TEST_REPORT_HE.txt.docx","Unknown","QA",39261,030a81765578883728de35690cf828f41e465b7d18d3d0623a18233bf1c20b84,"2026-07-23T17:14:51.221Z","Human","Yes","Yes",""
"qa/workspaces/concurrency-a/גיבוי וורד - MechLex_Visual_Admin_Fork/VERSION.txt.docx","Unknown","QA",36794,b9c5991749f17a668f7c81f18597a2078c6fc27577fa136386421ddfbc244b9f,"2026-07-23T17:14:51.792Z","Human","Yes","Yes",""
"qa/workspaces/concurrency-a/גיבוי וורד - MechLex_Visual_Admin_Fork/הוראות_התקנה.txt.docx","Unknown","QA",37447,d41a0c4a117de8cb5f5348fc1f725b864f1f6ece8b6aeaf98cc3e3a9958a571b,"2026-07-23T17:14:51.839Z","Human","Yes","Yes",""
"qa/workspaces/concurrency-a/הוראות_התקנה.txt","Unknown","QA",1751,1d19e8dc5589d1b2fd875834249d19ca95615602fdbe0f71e2588ef0ffe71fe5,"2026-07-22T21:57:50.758Z","Human","Yes","Yes",""
"qa/workspaces/concurrency-b/app.js","Unknown","QA",235595,5f562ca54cd00747621816cd715a7c2a96675f243fc6e1950d0e59a227680a39,"2026-07-24T21:44:02.894Z","Human","Yes","Yes",""
"qa/workspaces/concurrency-b/backups/content-backup-initial.json","Unknown","QA",30371,545002c1c3225fe5eff3c6ca096c86f558cedf5ceee340e624ccba732fd3fa08,"2026-07-22T20:31:28.477Z","Human","Yes","Yes",""
"qa/workspaces/concurrency-b/backups/full-admin-backup-initial.json","Unknown","QA",31080,66d0705ec215b28dc4986a79d0b421ef6a5c48d083aed602fa7eeecd498dc322,"2026-07-22T20:31:28.486Z","Human","Yes","Yes",""
"qa/workspaces/concurrency-b/backups/README.md","Unknown","QA",1444,27d53be0568fd5ea70c24375d0f10f8d22639efc3a7f2b359b104d8a7a1e5f53,"2026-07-23T20:49:53.475Z","Human","Yes","Yes",""
"qa/workspaces/concurrency-b/CHANGELOG_HE.txt","Unknown","QA",7002,49643844e09a1444b84118ed121de8e83ecfb1fff25759451b263407a3ab6047,"2026-07-23T20:50:59.049Z","Human","Yes","Yes",""
"qa/workspaces/concurrency-b/core/boot.js","Unknown","QA",1299,f97a25bae6d7a9af7d1ed1515690ad563a74aba47adadc3fbb78b3f996018ce5,"2026-07-23T16:52:42.541Z","Human","Yes","Yes",""
"qa/workspaces/concurrency-b/core/inline-editor.js","Unknown","QA",13240,a4adb092bc84839e4f16e49adde6ae3cb73a359187f17cd82b3fe4c4b0eb88e6,"2026-07-23T20:37:32.653Z","Human","Yes","Yes",""
"qa/workspaces/concurrency-b/core/integrity.js","Unknown","QA",28589,1d99046dd4eb5e8822d0d1af9c5d4414f5c7ec6ec58050273ad16488b37d5a86,"2026-07-22T21:13:44.793Z","Human","Yes","Yes",""
"qa/workspaces/concurrency-b/core/persistence.js","Unknown","QA",29058,a1da3674c588d15af846c5a32b84cd935421ee6719aee639095a481bf0a6e159,"2026-07-23T16:52:42.546Z","Human","Yes","Yes",""
"qa/workspaces/concurrency-b/core/README.md","Unknown","QA",4448,d8068cfb8ca727f3a561fe6caf5eec4fe1d0b450f93e3c71f671ad98876c0cd9,"2026-07-23T20:48:51.537Z","Human","Yes","Yes",""
"qa/workspaces/concurrency-b/core/shared-sync.js","Unknown","QA",11385,66de6f067ce3903f515febeb24ae49cc2cc8de4c5d735ecc7a50625af96e62d4,"2026-07-23T16:47:55.452Z","Human","Yes","Yes",""
"qa/workspaces/concurrency-b/core/start-local-server.ps1","Unknown","QA",15801,2dde293fef39005454c7a01c6bf0d02727db98e17cc448c563e09eabeaf7872c,"2026-07-24T21:35:40.538Z","Human","Yes","Yes",""
"qa/workspaces/concurrency-b/data/mechlex-data.js","Unknown","QA",24221,81c81477745d8d54b74a5d56f24b8037948b59bbdf50b92d7aa79f3caf44d9d6,"2026-07-22T20:31:28.525Z","Human","Yes","Yes",""
"qa/workspaces/concurrency-b/data/README.md","Unknown","QA",1870,6e054ae3372fc9631dfeb9c806b48947236c00b9f405d62968a9fa672c7d654e,"2026-07-23T20:49:13.604Z","Human","Yes","Yes",""
"qa/workspaces/concurrency-b/images/catalog.js","Unknown","QA",74,011e1e60896d506ef33c1e80f88ef6be85f5fd7118bea43da872a3b617f294a8,"2026-07-22T20:31:28.540Z","Human","Yes","Yes",""
"qa/workspaces/concurrency-b/images/mechlex-icon.svg","Unknown","QA",600,6dad7efebccceb58f809efbc16849d35d883f6aa0d1236c4b28dfdbad9952a33,"2026-07-22T20:55:00.259Z","Human","Yes","Yes",""
"qa/workspaces/concurrency-b/images/README.md","Unknown","QA",2107,38bb4ebe76f838c4afcb7a381114db9586db0367605f1ad7b70fd311dbb56ee6,"2026-07-23T20:49:36.893Z","Human","Yes","Yes",""
"qa/workspaces/concurrency-b/images/README_IMAGES.txt","Unknown","QA",939,4411aa3a3d84adf5716731480de88776576c8b1a63219e37c004cf4b56f5ffbf,"2026-07-22T21:17:40.712Z","Human","Yes","Yes",""
"qa/workspaces/concurrency-b/index.html","Unknown","QA",53310,46f5e6a8143d4f7258c6a3afe299a825e5d6cf4c9419c53b13846357395f2e1b,"2026-07-24T13:14:38.949Z","Human","Yes","Yes",""
"qa/workspaces/concurrency-b/QUALITY_REPORT_HE.txt","Unknown","QA",3908,735a6818c9db3e5b1386b7539833fc8e411952cf894478ebb7f1e8ecdff94964,"2026-07-23T17:14:29.251Z","Human","Yes","Yes",""
"qa/workspaces/concurrency-b/README.md","Unknown","QA",15924,5d781da44dd15c2ef6b733d5800ee704596893ae1f810742f35e131c02337d99,"2026-07-24T21:47:19.346Z","Human","Yes","Yes",""
"qa/workspaces/concurrency-b/README_HE.txt","Unknown","QA",30943,8fd0e7a1333b5640dccd146998151622f65c44e72b0724410f2cbd73b20ce135,"2026-07-24T13:43:43.065Z","Human","Yes","Yes",""
"qa/workspaces/concurrency-b/SHARED_DATA_PATH.txt","Unknown","QA",301,d16e3c40e94092f0937ae1ec662e0ca7fd4f396e15bda0a391d15849fa1d1b5b,"2026-07-23T16:32:42.255Z","Human","Yes","Yes",""
"qa/workspaces/concurrency-b/START_MECHLEX.bat","Unknown","QA",167,ce27cb22d8028f1bf195e93c787863c24dc691d221603cf9602d18d1f23001bd,"2026-07-22T20:31:28.415Z","Human","Yes","Yes",""
"qa/workspaces/concurrency-b/style.css","Unknown","QA",166500,df50a16b9ab35e8ec5a67d97bb3d2ac79a2040db0f0b2e2f18581c3b07d2a41e,"2026-07-24T13:30:04.311Z","Human","Yes","Yes",""
"qa/workspaces/concurrency-b/TEST_REPORT_HE.txt","Unknown","QA",6455,666301e826ec8778f605e76a4e9e470829a64e772bea8d9b5328b7abe77216e3,"2026-07-23T16:52:52.411Z","Human","Yes","Yes",""
"qa/workspaces/concurrency-b/VERSION.txt","Unknown","QA",288,3c30d65de401f6b310550da2ac8decbeaa873cb3ee00bc54ab81976dabab4841,"2026-07-23T16:52:42.549Z","Human","Yes","Yes",""
"qa/workspaces/concurrency-b/גיבוי וורד - MechLex_Visual_Admin_Fork/app.js.docx","Unknown","QA",94041,111cd2aae552a1eff45fec3ef7885adbc87c7b9ccca22ba9900f6d3714c66e0a,"2026-07-23T17:14:47.427Z","Human","Yes","Yes",""
"qa/workspaces/concurrency-b/גיבוי וורד - MechLex_Visual_Admin_Fork/backups/content-backup-initial.json.docx","Unknown","QA",44325,d190693705078867bfca3c1fb07bed74eff3e21d03f56784c606818d3f6db58e,"2026-07-23T17:14:47.634Z","Human","Yes","Yes",""
"qa/workspaces/concurrency-b/גיבוי וורד - MechLex_Visual_Admin_Fork/backups/full-admin-backup-initial.json.docx","Unknown","QA",44632,d32be88afb46d7fe98630e74348f06193d9b67ea99d32bf74085bb9c730d4bba,"2026-07-23T17:14:47.892Z","Human","Yes","Yes",""
"qa/workspaces/concurrency-b/גיבוי וורד - MechLex_Visual_Admin_Fork/CHANGELOG_HE.txt.docx","Unknown","QA",38941,4077c82ac1e7ac827ae3c95d8c26b7f8e4652b06a8a079f930f5704ffad9102f,"2026-07-23T17:14:48.023Z","Human","Yes","Yes",""
"qa/workspaces/concurrency-b/גיבוי וורד - MechLex_Visual_Admin_Fork/core/boot.js.docx","Unknown","QA",37257,e84026a111d4306fdd3015a7d3232c71eec717c012293f6595d2514ad4e52ccf,"2026-07-23T17:14:48.190Z","Human","Yes","Yes",""
"qa/workspaces/concurrency-b/גיבוי וורד - MechLex_Visual_Admin_Fork/core/inline-editor.js.docx","Unknown","QA",39803,0e8a1841f6cf4e86455ed5b91a4ab45852e53ff189051b5084bd2623959fbf02,"2026-07-23T17:14:48.414Z","Human","Yes","Yes",""
"qa/workspaces/concurrency-b/גיבוי וורד - MechLex_Visual_Admin_Fork/core/integrity.js.docx","Unknown","QA",44249,c187159c16c1727d8e9a441b0ccea2c9d790afa033f629f7ddae2425d16d4f00,"2026-07-23T17:14:48.637Z","Human","Yes","Yes",""
"qa/workspaces/concurrency-b/גיבוי וורד - MechLex_Visual_Admin_Fork/core/persistence.js.docx","Unknown","QA",44919,ffcd46709a88d722e081b3347e07e9442fab49bf36c7861a8da42f4338ad4815,"2026-07-23T17:14:48.909Z","Human","Yes","Yes",""
"qa/workspaces/concurrency-b/גיבוי וורד - MechLex_Visual_Admin_Fork/core/shared-sync.js.docx","Unknown","QA",40144,32a8be126de901026b7278df79d913ad1ce0e9458269c966eb4a913083345e3a,"2026-07-23T17:14:49.146Z","Human","Yes","Yes",""
"qa/workspaces/concurrency-b/גיבוי וורד - MechLex_Visual_Admin_Fork/core/start-local-server.ps1.docx","Unknown","QA",41811,8b227370ccc78b49b64d285447f4ab4bbf55fa080c38e99095ec2c55756f038d,"2026-07-23T17:14:49.330Z","Human","Yes","Yes",""
"qa/workspaces/concurrency-b/גיבוי וורד - MechLex_Visual_Admin_Fork/data/mechlex-data.js.docx","Unknown","QA",43751,c0430d3657869e91d53b34eb34c626f5520bc897a42e4c14bcee648f30757569,"2026-07-23T17:14:49.502Z","Human","Yes","Yes",""
"qa/workspaces/concurrency-b/גיבוי וורד - MechLex_Visual_Admin_Fork/images/catalog.js.docx","Unknown","QA",36659,206385f349b931ff7786dee58ef3ab9859ac62b25c7d9b2264da724a60040cb3,"2026-07-23T17:14:49.594Z","Human","Yes","Yes",""
"qa/workspaces/concurrency-b/גיבוי וורד - MechLex_Visual_Admin_Fork/images/mechlex-icon.svg.docx","Unknown","QA",36929,e60077aa8400467f9877e34f3e482c0d9b2429ae59b4df70b55f01f0c75e3890,"2026-07-23T17:14:49.670Z","Human","Yes","Yes",""
"qa/workspaces/concurrency-b/גיבוי וורד - MechLex_Visual_Admin_Fork/images/README_IMAGES.txt.docx","Unknown","QA",37096,0cd31ef8900764791d8522958fbef073b5d1d9c6fb2d1df6f99ff199d142bfa5,"2026-07-23T17:14:49.735Z","Human","Yes","Yes",""
"qa/workspaces/concurrency-b/גיבוי וורד - MechLex_Visual_Admin_Fork/index.html.docx","Unknown","QA",48561,2ad6cf8f79f9cd24c3bfdb47dc24044b3864c3a1af0d09321c779f4e599b31f1,"2026-07-23T17:14:50.068Z","Human","Yes","Yes",""
"qa/workspaces/concurrency-b/גיבוי וורד - MechLex_Visual_Admin_Fork/MANIFEST_SHA256.txt.docx","Unknown","QA",38324,bb552e87c5f63bc119edace18e476940397a51774fa7e2cd7221afddcf5b4cd1,"2026-07-23T17:14:50.110Z","Human","Yes","Yes",""
"qa/workspaces/concurrency-b/גיבוי וורד - MechLex_Visual_Admin_Fork/package.json.docx","Unknown","QA",36891,5fbf4ef2cbffd36a0b891d35ea029d403b59d3bcf1af6c348a2faff75d3f27b9,"2026-07-23T17:14:50.195Z","Human","Yes","Yes",""
"qa/workspaces/concurrency-b/גיבוי וורד - MechLex_Visual_Admin_Fork/QUALITY_REPORT_HE.txt.docx","Unknown","QA",38218,e5ef63ee45ceb1f32f07b5bab0c4ddbef25889c98039b3822de0c4e085ae0aed,"2026-07-23T17:14:50.281Z","Human","Yes","Yes",""
"qa/workspaces/concurrency-b/גיבוי וורד - MechLex_Visual_Admin_Fork/README_HE.txt.docx","Unknown","QA",46471,cfbb5b4ae97b92e03e030be1ff47e7c69c4c908db45e96af26682c5fb49915bc,"2026-07-23T17:14:50.497Z","Human","Yes","Yes",""
"qa/workspaces/concurrency-b/גיבוי וורד - MechLex_Visual_Admin_Fork/SHARED_DATA_PATH.txt.docx","Unknown","QA",36806,4fadd52793b1c39db525adaaa7e6dc9a7e6d7de1e9eb6cd89d9ad1adbece2d76,"2026-07-23T17:14:50.557Z","Human","Yes","Yes",""
"qa/workspaces/concurrency-b/גיבוי וורד - MechLex_Visual_Admin_Fork/START_MECHLEX.bat.docx","Unknown","QA",36718,80bd45fbc890a2a23c6e72d3e63e2e5b8ac79f5226800bc17d29ca0a6826867a,"2026-07-23T17:14:50.634Z","Human","Yes","Yes",""
"qa/workspaces/concurrency-b/גיבוי וורד - MechLex_Visual_Admin_Fork/style.css.docx","Unknown","QA",67288,78580cbc9d2e117bf179c348b60eede9189c5792c991cb10ccb8a6b7a5bf830a,"2026-07-23T17:14:51.145Z","Human","Yes","Yes",""
"qa/workspaces/concurrency-b/גיבוי וורד - MechLex_Visual_Admin_Fork/tests/browser-layout.cjs.docx","Unknown","QA",40190,30a67438d133cc6d8c7a796e715f2807abeeb7a59858679c7a8520f576fc26ec,"2026-07-23T17:14:51.295Z","Human","Yes","Yes",""
"qa/workspaces/concurrency-b/גיבוי וורד - MechLex_Visual_Admin_Fork/tests/browser-smoke.cjs.docx","Unknown","QA",41999,0fe3e581b3fa87b5a03f73d152763cf4d43366353dc5199cb4429b237d9bc7bc,"2026-07-23T17:14:51.410Z","Human","Yes","Yes",""
"qa/workspaces/concurrency-b/גיבוי וורד - MechLex_Visual_Admin_Fork/tests/build-manifest.cjs.docx","Unknown","QA",37260,d8a3619b92e6a11b0724b222c270710c055d45827e60662d45e90b21652ff95d,"2026-07-23T17:14:51.464Z","Human","Yes","Yes",""
"qa/workspaces/concurrency-b/גיבוי וורד - MechLex_Visual_Admin_Fork/tests/build-word-backup.py.docx","Unknown","QA",38831,38699eb5919d9678c9cd5a7bebb8b28faa6df17a8e0cf9379e507ee02beb68fe,"2026-07-23T17:14:51.558Z","Human","Yes","Yes",""
"qa/workspaces/concurrency-b/גיבוי וורד - MechLex_Visual_Admin_Fork/tests/README_HE.txt.docx","Unknown","QA",37075,01670aedcb7c238e393b04ec17f1f671e5463b650f772f08a6a37516a574080b,"2026-07-23T17:14:51.635Z","Human","Yes","Yes",""
"qa/workspaces/concurrency-b/גיבוי וורד - MechLex_Visual_Admin_Fork/tests/shared-sync.cjs.docx","Unknown","QA",39259,824a0135b2ca642830ca7b3f0d1a95e92ef2ba9b360f6bd496b8519b1e941e62,"2026-07-23T17:14:51.690Z","Human","Yes","Yes",""
"qa/workspaces/concurrency-b/גיבוי וורד - MechLex_Visual_Admin_Fork/tests/validate-project.cjs.docx","Unknown","QA",40046,e7b649c0f10c32728f9127d1228c2d8a07cfc4d38319aa70f22c813f4c4529a2,"2026-07-23T17:14:51.752Z","Human","Yes","Yes",""
"qa/workspaces/concurrency-b/גיבוי וורד - MechLex_Visual_Admin_Fork/TEST_REPORT_HE.txt.docx","Unknown","QA",39261,030a81765578883728de35690cf828f41e465b7d18d3d0623a18233bf1c20b84,"2026-07-23T17:14:51.221Z","Human","Yes","Yes",""
"qa/workspaces/concurrency-b/גיבוי וורד - MechLex_Visual_Admin_Fork/VERSION.txt.docx","Unknown","QA",36794,b9c5991749f17a668f7c81f18597a2078c6fc27577fa136386421ddfbc244b9f,"2026-07-23T17:14:51.792Z","Human","Yes","Yes",""
"qa/workspaces/concurrency-b/גיבוי וורד - MechLex_Visual_Admin_Fork/הוראות_התקנה.txt.docx","Unknown","QA",37447,d41a0c4a117de8cb5f5348fc1f725b864f1f6ece8b6aeaf98cc3e3a9958a571b,"2026-07-23T17:14:51.839Z","Human","Yes","Yes",""
"qa/workspaces/concurrency-b/הוראות_התקנה.txt","Unknown","QA",1751,1d19e8dc5589d1b2fd875834249d19ca95615602fdbe0f71e2588ef0ffe71fe5,"2026-07-22T21:57:50.758Z","Human","Yes","Yes",""
"qa/workspaces/core-ui-shared/.mechlex-state.lock","Unknown","QA",0,e3b0c44298fc1c149afbf4c8996fb92427ae41e4649b934ca495991b7852b855,"2026-07-24T22:12:02.987Z","Human","Yes","Yes",""
"qa/workspaces/core-ui-shared/history/state-r1-20260724T221203054Z.json","Unknown","QA",79927,1cec015b1983263b885a36696b0c0f966de093513b0f9d930bce5ac68a92fe9f,"2026-07-24T22:12:03.046Z","Human","Yes","No",""
"qa/workspaces/core-ui-shared/history/state-r2-20260724T221212765Z.json","Unknown","QA",79411,d46e1d5e8c325fcba64560f110490e57d7a5eff128052f18414340362882427e,"2026-07-24T22:12:12.723Z","Human","Yes","No",""
"qa/workspaces/core-ui-shared/history/state-r3-20260724T221213846Z.json","Unknown","QA",82819,dfb65636af4a29d489eabaee615db96fc831e6073a37c6f11c74ae66a8ba29d2,"2026-07-24T22:12:13.818Z","Human","Yes","No",""
"qa/workspaces/core-ui-shared/history/state-r4-20260724T221216916Z.json","Unknown","QA",79411,f2f89a31323f4cbd11cdea11a871631ef287c969fee407979cda375404c14163,"2026-07-24T22:12:16.881Z","Human","Yes","No",""
"qa/workspaces/core-ui-shared/history/state-r5-20260724T221607381Z.json","Unknown","QA",82819,d01e6108d305cb99db7ce93f4fed39462c376b9932a92f9d1742be46f93f13dd,"2026-07-24T22:16:07.341Z","Human","Yes","No",""
"qa/workspaces/core-ui-shared/history/state-r6-20260724T221610135Z.json","Unknown","QA",79411,94855b7c9f3a2dde14cb6de376a25b4168ca678c5d4a5b394f38fbfbfa177480,"2026-07-24T22:16:10.103Z","Human","Yes","No",""
"qa/workspaces/core-ui-shared/state.json","Unknown","QA",79411,94855b7c9f3a2dde14cb6de376a25b4168ca678c5d4a5b394f38fbfbfa177480,"2026-07-24T22:16:10.103Z","Human","Yes","No",""
"qa/workspaces/core-ui-shared/state.previous.json","Unknown","QA",82819,d01e6108d305cb99db7ce93f4fed39462c376b9932a92f9d1742be46f93f13dd,"2026-07-24T22:16:07.341Z","Human","Yes","Yes",""
"qa/workspaces/destructive/app.js","Unknown","QA",235595,5f562ca54cd00747621816cd715a7c2a96675f243fc6e1950d0e59a227680a39,"2026-07-24T21:44:02.894Z","Human","Yes","Yes",""
"qa/workspaces/destructive/backups/content-backup-initial.json","Unknown","QA",30371,545002c1c3225fe5eff3c6ca096c86f558cedf5ceee340e624ccba732fd3fa08,"2026-07-22T20:31:28.477Z","Human","Yes","Yes",""
"qa/workspaces/destructive/backups/full-admin-backup-initial.json","Unknown","QA",31080,66d0705ec215b28dc4986a79d0b421ef6a5c48d083aed602fa7eeecd498dc322,"2026-07-22T20:31:28.486Z","Human","Yes","Yes",""
"qa/workspaces/destructive/backups/README.md","Unknown","QA",1444,27d53be0568fd5ea70c24375d0f10f8d22639efc3a7f2b359b104d8a7a1e5f53,"2026-07-23T20:49:53.475Z","Human","Yes","Yes",""
"qa/workspaces/destructive/CHANGELOG_HE.txt","Unknown","QA",7002,49643844e09a1444b84118ed121de8e83ecfb1fff25759451b263407a3ab6047,"2026-07-23T20:50:59.049Z","Human","Yes","Yes",""
"qa/workspaces/destructive/core/boot.js","Unknown","QA",1299,f97a25bae6d7a9af7d1ed1515690ad563a74aba47adadc3fbb78b3f996018ce5,"2026-07-23T16:52:42.541Z","Human","Yes","Yes",""
"qa/workspaces/destructive/core/inline-editor.js","Unknown","QA",13240,a4adb092bc84839e4f16e49adde6ae3cb73a359187f17cd82b3fe4c4b0eb88e6,"2026-07-23T20:37:32.653Z","Human","Yes","Yes",""
"qa/workspaces/destructive/core/integrity.js","Unknown","QA",28589,1d99046dd4eb5e8822d0d1af9c5d4414f5c7ec6ec58050273ad16488b37d5a86,"2026-07-22T21:13:44.793Z","Human","Yes","Yes",""
"qa/workspaces/destructive/core/persistence.js","Unknown","QA",29058,a1da3674c588d15af846c5a32b84cd935421ee6719aee639095a481bf0a6e159,"2026-07-23T16:52:42.546Z","Human","Yes","Yes",""
"qa/workspaces/destructive/core/README.md","Unknown","QA",4448,d8068cfb8ca727f3a561fe6caf5eec4fe1d0b450f93e3c71f671ad98876c0cd9,"2026-07-23T20:48:51.537Z","Human","Yes","Yes",""
"qa/workspaces/destructive/core/shared-sync.js","Unknown","QA",11385,66de6f067ce3903f515febeb24ae49cc2cc8de4c5d735ecc7a50625af96e62d4,"2026-07-23T16:47:55.452Z","Human","Yes","Yes",""
"qa/workspaces/destructive/core/start-local-server.ps1","Unknown","QA",15801,2dde293fef39005454c7a01c6bf0d02727db98e17cc448c563e09eabeaf7872c,"2026-07-24T21:35:40.538Z","Human","Yes","Yes",""
"qa/workspaces/destructive/data/mechlex-data.js","Unknown","QA",24221,81c81477745d8d54b74a5d56f24b8037948b59bbdf50b92d7aa79f3caf44d9d6,"2026-07-22T20:31:28.525Z","Human","Yes","Yes",""
"qa/workspaces/destructive/data/README.md","Unknown","QA",1870,6e054ae3372fc9631dfeb9c806b48947236c00b9f405d62968a9fa672c7d654e,"2026-07-23T20:49:13.604Z","Human","Yes","Yes",""
"qa/workspaces/destructive/images/catalog.js","Unknown","QA",74,011e1e60896d506ef33c1e80f88ef6be85f5fd7118bea43da872a3b617f294a8,"2026-07-22T20:31:28.540Z","Human","Yes","Yes",""
"qa/workspaces/destructive/images/mechlex-icon.svg","Unknown","QA",600,6dad7efebccceb58f809efbc16849d35d883f6aa0d1236c4b28dfdbad9952a33,"2026-07-22T20:55:00.259Z","Human","Yes","Yes",""
"qa/workspaces/destructive/images/README.md","Unknown","QA",2107,38bb4ebe76f838c4afcb7a381114db9586db0367605f1ad7b70fd311dbb56ee6,"2026-07-23T20:49:36.893Z","Human","Yes","Yes",""
"qa/workspaces/destructive/images/README_IMAGES.txt","Unknown","QA",939,4411aa3a3d84adf5716731480de88776576c8b1a63219e37c004cf4b56f5ffbf,"2026-07-22T21:17:40.712Z","Human","Yes","Yes",""
"qa/workspaces/destructive/index.html","Unknown","QA",53310,46f5e6a8143d4f7258c6a3afe299a825e5d6cf4c9419c53b13846357395f2e1b,"2026-07-24T13:14:38.949Z","Human","Yes","Yes",""
"qa/workspaces/destructive/QUALITY_REPORT_HE.txt","Unknown","QA",3908,735a6818c9db3e5b1386b7539833fc8e411952cf894478ebb7f1e8ecdff94964,"2026-07-23T17:14:29.251Z","Human","Yes","Yes",""
"qa/workspaces/destructive/README.md","Unknown","QA",15924,5d781da44dd15c2ef6b733d5800ee704596893ae1f810742f35e131c02337d99,"2026-07-24T21:47:19.346Z","Human","Yes","Yes",""
"qa/workspaces/destructive/README_HE.txt","Unknown","QA",30943,8fd0e7a1333b5640dccd146998151622f65c44e72b0724410f2cbd73b20ce135,"2026-07-24T13:43:43.065Z","Human","Yes","Yes",""
"qa/workspaces/destructive/SHARED_DATA_PATH.txt","Unknown","QA",301,d16e3c40e94092f0937ae1ec662e0ca7fd4f396e15bda0a391d15849fa1d1b5b,"2026-07-23T16:32:42.255Z","Human","Yes","Yes",""
"qa/workspaces/destructive/START_MECHLEX.bat","Unknown","QA",167,ce27cb22d8028f1bf195e93c787863c24dc691d221603cf9602d18d1f23001bd,"2026-07-22T20:31:28.415Z","Human","Yes","Yes",""
"qa/workspaces/destructive/style.css","Unknown","QA",166500,df50a16b9ab35e8ec5a67d97bb3d2ac79a2040db0f0b2e2f18581c3b07d2a41e,"2026-07-24T13:30:04.311Z","Human","Yes","Yes",""
"qa/workspaces/destructive/TEST_REPORT_HE.txt","Unknown","QA",6455,666301e826ec8778f605e76a4e9e470829a64e772bea8d9b5328b7abe77216e3,"2026-07-23T16:52:52.411Z","Human","Yes","Yes",""
"qa/workspaces/destructive/VERSION.txt","Unknown","QA",288,3c30d65de401f6b310550da2ac8decbeaa873cb3ee00bc54ab81976dabab4841,"2026-07-23T16:52:42.549Z","Human","Yes","Yes",""
"qa/workspaces/destructive/גיבוי וורד - MechLex_Visual_Admin_Fork/app.js.docx","Unknown","QA",94041,111cd2aae552a1eff45fec3ef7885adbc87c7b9ccca22ba9900f6d3714c66e0a,"2026-07-23T17:14:47.427Z","Human","Yes","Yes",""
"qa/workspaces/destructive/גיבוי וורד - MechLex_Visual_Admin_Fork/backups/content-backup-initial.json.docx","Unknown","QA",44325,d190693705078867bfca3c1fb07bed74eff3e21d03f56784c606818d3f6db58e,"2026-07-23T17:14:47.634Z","Human","Yes","Yes",""
"qa/workspaces/destructive/גיבוי וורד - MechLex_Visual_Admin_Fork/backups/full-admin-backup-initial.json.docx","Unknown","QA",44632,d32be88afb46d7fe98630e74348f06193d9b67ea99d32bf74085bb9c730d4bba,"2026-07-23T17:14:47.892Z","Human","Yes","Yes",""
"qa/workspaces/destructive/גיבוי וורד - MechLex_Visual_Admin_Fork/CHANGELOG_HE.txt.docx","Unknown","QA",38941,4077c82ac1e7ac827ae3c95d8c26b7f8e4652b06a8a079f930f5704ffad9102f,"2026-07-23T17:14:48.023Z","Human","Yes","Yes",""
"qa/workspaces/destructive/גיבוי וורד - MechLex_Visual_Admin_Fork/core/boot.js.docx","Unknown","QA",37257,e84026a111d4306fdd3015a7d3232c71eec717c012293f6595d2514ad4e52ccf,"2026-07-23T17:14:48.190Z","Human","Yes","Yes",""
"qa/workspaces/destructive/גיבוי וורד - MechLex_Visual_Admin_Fork/core/inline-editor.js.docx","Unknown","QA",39803,0e8a1841f6cf4e86455ed5b91a4ab45852e53ff189051b5084bd2623959fbf02,"2026-07-23T17:14:48.414Z","Human","Yes","Yes",""
"qa/workspaces/destructive/גיבוי וורד - MechLex_Visual_Admin_Fork/core/integrity.js.docx","Unknown","QA",44249,c187159c16c1727d8e9a441b0ccea2c9d790afa033f629f7ddae2425d16d4f00,"2026-07-23T17:14:48.637Z","Human","Yes","Yes",""
"qa/workspaces/destructive/גיבוי וורד - MechLex_Visual_Admin_Fork/core/persistence.js.docx","Unknown","QA",44919,ffcd46709a88d722e081b3347e07e9442fab49bf36c7861a8da42f4338ad4815,"2026-07-23T17:14:48.909Z","Human","Yes","Yes",""
"qa/workspaces/destructive/גיבוי וורד - MechLex_Visual_Admin_Fork/core/shared-sync.js.docx","Unknown","QA",40144,32a8be126de901026b7278df79d913ad1ce0e9458269c966eb4a913083345e3a,"2026-07-23T17:14:49.146Z","Human","Yes","Yes",""
"qa/workspaces/destructive/גיבוי וורד - MechLex_Visual_Admin_Fork/core/start-local-server.ps1.docx","Unknown","QA",41811,8b227370ccc78b49b64d285447f4ab4bbf55fa080c38e99095ec2c55756f038d,"2026-07-23T17:14:49.330Z","Human","Yes","Yes",""
"qa/workspaces/destructive/גיבוי וורד - MechLex_Visual_Admin_Fork/data/mechlex-data.js.docx","Unknown","QA",43751,c0430d3657869e91d53b34eb34c626f5520bc897a42e4c14bcee648f30757569,"2026-07-23T17:14:49.502Z","Human","Yes","Yes",""
"qa/workspaces/destructive/גיבוי וורד - MechLex_Visual_Admin_Fork/images/catalog.js.docx","Unknown","QA",36659,206385f349b931ff7786dee58ef3ab9859ac62b25c7d9b2264da724a60040cb3,"2026-07-23T17:14:49.594Z","Human","Yes","Yes",""
"qa/workspaces/destructive/גיבוי וורד - MechLex_Visual_Admin_Fork/images/mechlex-icon.svg.docx","Unknown","QA",36929,e60077aa8400467f9877e34f3e482c0d9b2429ae59b4df70b55f01f0c75e3890,"2026-07-23T17:14:49.670Z","Human","Yes","Yes",""
"qa/workspaces/destructive/גיבוי וורד - MechLex_Visual_Admin_Fork/images/README_IMAGES.txt.docx","Unknown","QA",37096,0cd31ef8900764791d8522958fbef073b5d1d9c6fb2d1df6f99ff199d142bfa5,"2026-07-23T17:14:49.735Z","Human","Yes","Yes",""
"qa/workspaces/destructive/גיבוי וורד - MechLex_Visual_Admin_Fork/index.html.docx","Unknown","QA",48561,2ad6cf8f79f9cd24c3bfdb47dc24044b3864c3a1af0d09321c779f4e599b31f1,"2026-07-23T17:14:50.068Z","Human","Yes","Yes",""
"qa/workspaces/destructive/גיבוי וורד - MechLex_Visual_Admin_Fork/MANIFEST_SHA256.txt.docx","Unknown","QA",38324,bb552e87c5f63bc119edace18e476940397a51774fa7e2cd7221afddcf5b4cd1,"2026-07-23T17:14:50.110Z","Human","Yes","Yes",""
"qa/workspaces/destructive/גיבוי וורד - MechLex_Visual_Admin_Fork/package.json.docx","Unknown","QA",36891,5fbf4ef2cbffd36a0b891d35ea029d403b59d3bcf1af6c348a2faff75d3f27b9,"2026-07-23T17:14:50.195Z","Human","Yes","Yes",""
"qa/workspaces/destructive/גיבוי וורד - MechLex_Visual_Admin_Fork/QUALITY_REPORT_HE.txt.docx","Unknown","QA",38218,e5ef63ee45ceb1f32f07b5bab0c4ddbef25889c98039b3822de0c4e085ae0aed,"2026-07-23T17:14:50.281Z","Human","Yes","Yes",""
"qa/workspaces/destructive/גיבוי וורד - MechLex_Visual_Admin_Fork/README_HE.txt.docx","Unknown","QA",46471,cfbb5b4ae97b92e03e030be1ff47e7c69c4c908db45e96af26682c5fb49915bc,"2026-07-23T17:14:50.497Z","Human","Yes","Yes",""
"qa/workspaces/destructive/גיבוי וורד - MechLex_Visual_Admin_Fork/SHARED_DATA_PATH.txt.docx","Unknown","QA",36806,4fadd52793b1c39db525adaaa7e6dc9a7e6d7de1e9eb6cd89d9ad1adbece2d76,"2026-07-23T17:14:50.557Z","Human","Yes","Yes",""
"qa/workspaces/destructive/גיבוי וורד - MechLex_Visual_Admin_Fork/START_MECHLEX.bat.docx","Unknown","QA",36718,80bd45fbc890a2a23c6e72d3e63e2e5b8ac79f5226800bc17d29ca0a6826867a,"2026-07-23T17:14:50.634Z","Human","Yes","Yes",""
"qa/workspaces/destructive/גיבוי וורד - MechLex_Visual_Admin_Fork/style.css.docx","Unknown","QA",67288,78580cbc9d2e117bf179c348b60eede9189c5792c991cb10ccb8a6b7a5bf830a,"2026-07-23T17:14:51.145Z","Human","Yes","Yes",""
"qa/workspaces/destructive/גיבוי וורד - MechLex_Visual_Admin_Fork/tests/browser-layout.cjs.docx","Unknown","QA",40190,30a67438d133cc6d8c7a796e715f2807abeeb7a59858679c7a8520f576fc26ec,"2026-07-23T17:14:51.295Z","Human","Yes","Yes",""
"qa/workspaces/destructive/גיבוי וורד - MechLex_Visual_Admin_Fork/tests/browser-smoke.cjs.docx","Unknown","QA",41999,0fe3e581b3fa87b5a03f73d152763cf4d43366353dc5199cb4429b237d9bc7bc,"2026-07-23T17:14:51.410Z","Human","Yes","Yes",""
"qa/workspaces/destructive/גיבוי וורד - MechLex_Visual_Admin_Fork/tests/build-manifest.cjs.docx","Unknown","QA",37260,d8a3619b92e6a11b0724b222c270710c055d45827e60662d45e90b21652ff95d,"2026-07-23T17:14:51.464Z","Human","Yes","Yes",""
"qa/workspaces/destructive/גיבוי וורד - MechLex_Visual_Admin_Fork/tests/build-word-backup.py.docx","Unknown","QA",38831,38699eb5919d9678c9cd5a7bebb8b28faa6df17a8e0cf9379e507ee02beb68fe,"2026-07-23T17:14:51.558Z","Human","Yes","Yes",""
"qa/workspaces/destructive/גיבוי וורד - MechLex_Visual_Admin_Fork/tests/README_HE.txt.docx","Unknown","QA",37075,01670aedcb7c238e393b04ec17f1f671e5463b650f772f08a6a37516a574080b,"2026-07-23T17:14:51.635Z","Human","Yes","Yes",""
"qa/workspaces/destructive/גיבוי וורד - MechLex_Visual_Admin_Fork/tests/shared-sync.cjs.docx","Unknown","QA",39259,824a0135b2ca642830ca7b3f0d1a95e92ef2ba9b360f6bd496b8519b1e941e62,"2026-07-23T17:14:51.690Z","Human","Yes","Yes",""
"qa/workspaces/destructive/גיבוי וורד - MechLex_Visual_Admin_Fork/tests/validate-project.cjs.docx","Unknown","QA",40046,e7b649c0f10c32728f9127d1228c2d8a07cfc4d38319aa70f22c813f4c4529a2,"2026-07-23T17:14:51.752Z","Human","Yes","Yes",""
"qa/workspaces/destructive/גיבוי וורד - MechLex_Visual_Admin_Fork/TEST_REPORT_HE.txt.docx","Unknown","QA",39261,030a81765578883728de35690cf828f41e465b7d18d3d0623a18233bf1c20b84,"2026-07-23T17:14:51.221Z","Human","Yes","Yes",""
"qa/workspaces/destructive/גיבוי וורד - MechLex_Visual_Admin_Fork/VERSION.txt.docx","Unknown","QA",36794,b9c5991749f17a668f7c81f18597a2078c6fc27577fa136386421ddfbc244b9f,"2026-07-23T17:14:51.792Z","Human","Yes","Yes",""
"qa/workspaces/destructive/גיבוי וורד - MechLex_Visual_Admin_Fork/הוראות_התקנה.txt.docx","Unknown","QA",37447,d41a0c4a117de8cb5f5348fc1f725b864f1f6ece8b6aeaf98cc3e3a9958a571b,"2026-07-23T17:14:51.839Z","Human","Yes","Yes",""
"qa/workspaces/destructive/הוראות_התקנה.txt","Unknown","QA",1751,1d19e8dc5589d1b2fd875834249d19ca95615602fdbe0f71e2588ef0ffe71fe5,"2026-07-22T21:57:50.758Z","Human","Yes","Yes",""
"qa/workspaces/image-api-1784931324970/.mechlex-state.lock","Unknown","QA",0,e3b0c44298fc1c149afbf4c8996fb92427ae41e4649b934ca495991b7852b855,"2026-07-24T22:15:25.906Z","Human","Yes","Yes",""
"qa/workspaces/image-api-1784931324970/history/state-r1-20260724T221525966Z.json","Unknown","QA",1400408,5460fd3eaa71679e2d21d719eeb0d3d1a6160233c70bd0cda728b208c10876f0,"2026-07-24T22:15:25.964Z","Human","Yes","No",""
"qa/workspaces/image-api-1784931324970/history/state-r2-20260724T221526612Z.json","Unknown","QA",4196608,8e44248599649bbf80125ec2ba650c91c23a3a0de824798a92cfa2b08f471efa,"2026-07-24T22:15:26.528Z","Human","Yes","No",""
"qa/workspaces/image-api-1784931324970/history/state-r3-20260724T221528251Z.json","Unknown","QA",6992812,bac4c3b6b7b26ae326bf728d57b3e886ada77590e825f95913625677f6f49a2c,"2026-07-24T22:15:28.165Z","Human","Yes","No",""
"qa/workspaces/image-api-1784931324970/history/state-r4-20260724T221531089Z.json","Unknown","QA",11187116,98920884463c020b1e62d49eca6f0cbc8b7520691b57b3c1d68d8b9bc664247d,"2026-07-24T22:15:30.999Z","Human","Yes","No",""
"qa/workspaces/image-api-1784931324970/history/state-r5-20260724T221535745Z.json","Unknown","QA",13983321,72010025c5fbecd1c9b5091f87b35fdddf07c297f536b6fdf2eef6ca18e4d915,"2026-07-24T22:15:35.634Z","Human","Yes","No",""
"qa/workspaces/image-api-1784931324970/history/state-r6-20260724T221541544Z.json","Unknown","QA",20973825,dc36738cc27ec5eac142d22bbd3870f0a699da6a458766b4f09a1c90884a6818,"2026-07-24T22:15:41.428Z","Human","Yes","No",""
"qa/workspaces/image-api-1784931324970/state.json","Unknown","QA",20973825,dc36738cc27ec5eac142d22bbd3870f0a699da6a458766b4f09a1c90884a6818,"2026-07-24T22:15:41.428Z","Human","Yes","No",""
"qa/workspaces/image-api-1784931324970/state.previous.json","Unknown","QA",13983321,72010025c5fbecd1c9b5091f87b35fdddf07c297f536b6fdf2eef6ca18e4d915,"2026-07-24T22:15:35.634Z","Human","Yes","Yes",""
"qa/workspaces/image-api-1784931665452/.mechlex-state.lock","Unknown","QA",0,e3b0c44298fc1c149afbf4c8996fb92427ae41e4649b934ca495991b7852b855,"2026-07-24T22:21:06.324Z","Human","Yes","Yes",""
"qa/workspaces/image-api-1784931665452/history/state-r1-20260724T222106390Z.json","Unknown","QA",1400408,4660e66f68e8d271b631f9b8b6a51588e25771585517fab861856a1f674ee6dc,"2026-07-24T22:21:06.387Z","Human","Yes","No",""
"qa/workspaces/image-api-1784931665452/history/state-r2-20260724T222107069Z.json","Unknown","QA",4196608,28f6eda438abbb15ff8d07a3995ddc49a72b7e82a861604f70870a9ad836c238,"2026-07-24T22:21:06.987Z","Human","Yes","No",""
"qa/workspaces/image-api-1784931665452/history/state-r3-20260724T222108527Z.json","Unknown","QA",6992812,b75f8d6e80709a5458f9aaa826648ad60557bf1e4c84c40459126a381da9e9cd,"2026-07-24T22:21:08.438Z","Human","Yes","No",""
"qa/workspaces/image-api-1784931665452/history/state-r4-20260724T222111922Z.json","Unknown","QA",11187116,683710658c77029c213578830395bb3c9d882919e830140accb72655ce6e6879,"2026-07-24T22:21:11.840Z","Human","Yes","No",""
"qa/workspaces/image-api-1784931665452/history/state-r5-20260724T222117142Z.json","Unknown","QA",13983321,1e07e920f5a3b3d6455309693310ffa30c0ddd9154ab8057907fae510fb62ee5,"2026-07-24T22:21:17.022Z","Human","Yes","No",""
"qa/workspaces/image-api-1784931665452/history/state-r6-20260724T222123778Z.json","Unknown","QA",20973825,e8425d6bdaeeff4db37f2141a9077ab2571bab99d641d7316f7996d27a1743ab,"2026-07-24T22:21:23.679Z","Human","Yes","No",""
"qa/workspaces/image-api-1784931665452/state.json","Unknown","QA",20973825,e8425d6bdaeeff4db37f2141a9077ab2571bab99d641d7316f7996d27a1743ab,"2026-07-24T22:21:23.679Z","Human","Yes","No",""
"qa/workspaces/image-api-1784931665452/state.previous.json","Unknown","QA",13983321,1e07e920f5a3b3d6455309693310ffa30c0ddd9154ab8057907fae510fb62ee5,"2026-07-24T22:21:17.022Z","Human","Yes","Yes",""
"qa/workspaces/image-matrix-shared/.mechlex-state.lock","Unknown","QA",0,e3b0c44298fc1c149afbf4c8996fb92427ae41e4649b934ca495991b7852b855,"2026-07-24T22:14:03.109Z","Human","Yes","Yes",""
"qa/workspaces/image-matrix-shared/history/state-r1-20260724T221403190Z.json","Unknown","QA",79927,d521b2c7cff84d566a56c2bf2fcdd69c2948e56d5b14bc15b0233eedfe13caa9,"2026-07-24T22:14:03.183Z","Human","Yes","No",""
"qa/workspaces/image-matrix-shared/history/state-r2-20260724T221412765Z.json","Unknown","QA",1478074,ebc197c98c4633263b5834e5d500e943bec65496cb8321f58904c7b32ae2984f,"2026-07-24T22:14:12.711Z","Human","Yes","No",""
"qa/workspaces/image-matrix-shared/history/state-r3-20260724T221414672Z.json","Unknown","QA",4274274,124cbfd3603d84e9c00b9938d67e48b7d506e74c672fed8b8af4458498acd028,"2026-07-24T22:14:14.611Z","Human","Yes","No",""
"qa/workspaces/image-matrix-shared/history/state-r4-20260724T221418693Z.json","Unknown","QA",7070478,9f1a92a62f2ff2a319618054602c5b26a3bcebe1cac7d49f322f78ce75c249e5,"2026-07-24T22:14:18.629Z","Human","Yes","No",""
"qa/workspaces/image-matrix-shared/state.json","Unknown","QA",7070478,9f1a92a62f2ff2a319618054602c5b26a3bcebe1cac7d49f322f78ce75c249e5,"2026-07-24T22:14:18.629Z","Human","Yes","No",""
"qa/workspaces/image-matrix-shared/state.previous.json","Unknown","QA",4274274,124cbfd3603d84e9c00b9938d67e48b7d506e74c672fed8b8af4458498acd028,"2026-07-24T22:14:14.611Z","Human","Yes","Yes",""
"qa/workspaces/MechLex_Shared_Data_Simulation/.mechlex-state.lock","Unknown","QA",0,e3b0c44298fc1c149afbf4c8996fb92427ae41e4649b934ca495991b7852b855,"2026-07-24T22:07:05.390Z","Human","Yes","Yes",""
"qa/workspaces/MechLex_Shared_Data_Simulation/history/state-r1-20260724T220705434Z.json","Unknown","QA",79927,5ed1ec05cfec394581d4503f6ab7925d4d0adff6a64ede57e7ca4e85cfc2d5fc,"2026-07-24T22:07:05.432Z","Human","Yes","No",""
"qa/workspaces/MechLex_Shared_Data_Simulation/history/state-r2-20260724T221000451Z.json","Unknown","QA",1478074,3f8120815d042b7f6ffa0d1e3e819fc00aead6105c7b869d2f5c610989bc632d,"2026-07-24T22:10:00.394Z","Human","Yes","No",""
"qa/workspaces/MechLex_Shared_Data_Simulation/history/state-r3-20260724T221002009Z.json","Unknown","QA",5672400,e7a5a3f98980284253cc7e0fde20e3fa4cb2e5102bf961b52c6f2b27d34d1410,"2026-07-24T22:10:01.974Z","Human","Yes","No",""
"qa/workspaces/MechLex_Shared_Data_Simulation/history/state-r4-20260724T221007153Z.json","Unknown","QA",11264804,8a77fb8abf65454be8401c05ee864198bc8390f6d9f1f51020c4b02403a0b274,"2026-07-24T22:10:07.121Z","Human","Yes","No",""
"qa/workspaces/MechLex_Shared_Data_Simulation/state.json","Unknown","QA",11264804,8a77fb8abf65454be8401c05ee864198bc8390f6d9f1f51020c4b02403a0b274,"2026-07-24T22:10:07.121Z","Human","Yes","No",""
"qa/workspaces/MechLex_Shared_Data_Simulation/state.previous.json","Unknown","QA",5672400,e7a5a3f98980284253cc7e0fde20e3fa4cb2e5102bf961b52c6f2b27d34d1410,"2026-07-24T22:10:01.974Z","Human","Yes","Yes",""
"qa/workspaces/moved-path/app.js","Unknown","QA",235595,5f562ca54cd00747621816cd715a7c2a96675f243fc6e1950d0e59a227680a39,"2026-07-24T21:44:02.894Z","Human","Yes","Yes",""
"qa/workspaces/moved-path/backups/content-backup-initial.json","Unknown","QA",30371,545002c1c3225fe5eff3c6ca096c86f558cedf5ceee340e624ccba732fd3fa08,"2026-07-22T20:31:28.477Z","Human","Yes","Yes",""
"qa/workspaces/moved-path/backups/full-admin-backup-initial.json","Unknown","QA",31080,66d0705ec215b28dc4986a79d0b421ef6a5c48d083aed602fa7eeecd498dc322,"2026-07-22T20:31:28.486Z","Human","Yes","Yes",""
"qa/workspaces/moved-path/backups/README.md","Unknown","QA",1444,27d53be0568fd5ea70c24375d0f10f8d22639efc3a7f2b359b104d8a7a1e5f53,"2026-07-23T20:49:53.475Z","Human","Yes","Yes",""
"qa/workspaces/moved-path/CHANGELOG_HE.txt","Unknown","QA",7002,49643844e09a1444b84118ed121de8e83ecfb1fff25759451b263407a3ab6047,"2026-07-23T20:50:59.049Z","Human","Yes","Yes",""
"qa/workspaces/moved-path/core/boot.js","Unknown","QA",1299,f97a25bae6d7a9af7d1ed1515690ad563a74aba47adadc3fbb78b3f996018ce5,"2026-07-23T16:52:42.541Z","Human","Yes","Yes",""
"qa/workspaces/moved-path/core/inline-editor.js","Unknown","QA",13240,a4adb092bc84839e4f16e49adde6ae3cb73a359187f17cd82b3fe4c4b0eb88e6,"2026-07-23T20:37:32.653Z","Human","Yes","Yes",""
"qa/workspaces/moved-path/core/integrity.js","Unknown","QA",28589,1d99046dd4eb5e8822d0d1af9c5d4414f5c7ec6ec58050273ad16488b37d5a86,"2026-07-22T21:13:44.793Z","Human","Yes","Yes",""
"qa/workspaces/moved-path/core/persistence.js","Unknown","QA",29058,a1da3674c588d15af846c5a32b84cd935421ee6719aee639095a481bf0a6e159,"2026-07-23T16:52:42.546Z","Human","Yes","Yes",""
"qa/workspaces/moved-path/core/README.md","Unknown","QA",4448,d8068cfb8ca727f3a561fe6caf5eec4fe1d0b450f93e3c71f671ad98876c0cd9,"2026-07-23T20:48:51.537Z","Human","Yes","Yes",""
"qa/workspaces/moved-path/core/shared-sync.js","Unknown","QA",11385,66de6f067ce3903f515febeb24ae49cc2cc8de4c5d735ecc7a50625af96e62d4,"2026-07-23T16:47:55.452Z","Human","Yes","Yes",""
"qa/workspaces/moved-path/core/start-local-server.ps1","Unknown","QA",15801,2dde293fef39005454c7a01c6bf0d02727db98e17cc448c563e09eabeaf7872c,"2026-07-24T21:35:40.538Z","Human","Yes","Yes",""
"qa/workspaces/moved-path/data/mechlex-data.js","Unknown","QA",24221,81c81477745d8d54b74a5d56f24b8037948b59bbdf50b92d7aa79f3caf44d9d6,"2026-07-22T20:31:28.525Z","Human","Yes","Yes",""
"qa/workspaces/moved-path/data/README.md","Unknown","QA",1870,6e054ae3372fc9631dfeb9c806b48947236c00b9f405d62968a9fa672c7d654e,"2026-07-23T20:49:13.604Z","Human","Yes","Yes",""
"qa/workspaces/moved-path/images/catalog.js","Unknown","QA",74,011e1e60896d506ef33c1e80f88ef6be85f5fd7118bea43da872a3b617f294a8,"2026-07-22T20:31:28.540Z","Human","Yes","Yes",""
"qa/workspaces/moved-path/images/mechlex-icon.svg","Unknown","QA",600,6dad7efebccceb58f809efbc16849d35d883f6aa0d1236c4b28dfdbad9952a33,"2026-07-22T20:55:00.259Z","Human","Yes","Yes",""
"qa/workspaces/moved-path/images/README.md","Unknown","QA",2107,38bb4ebe76f838c4afcb7a381114db9586db0367605f1ad7b70fd311dbb56ee6,"2026-07-23T20:49:36.893Z","Human","Yes","Yes",""
"qa/workspaces/moved-path/images/README_IMAGES.txt","Unknown","QA",939,4411aa3a3d84adf5716731480de88776576c8b1a63219e37c004cf4b56f5ffbf,"2026-07-22T21:17:40.712Z","Human","Yes","Yes",""
"qa/workspaces/moved-path/index.html","Unknown","QA",53310,46f5e6a8143d4f7258c6a3afe299a825e5d6cf4c9419c53b13846357395f2e1b,"2026-07-24T13:14:38.949Z","Human","Yes","Yes",""
"qa/workspaces/moved-path/QUALITY_REPORT_HE.txt","Unknown","QA",3908,735a6818c9db3e5b1386b7539833fc8e411952cf894478ebb7f1e8ecdff94964,"2026-07-23T17:14:29.251Z","Human","Yes","Yes",""
"qa/workspaces/moved-path/README.md","Unknown","QA",15924,5d781da44dd15c2ef6b733d5800ee704596893ae1f810742f35e131c02337d99,"2026-07-24T21:47:19.346Z","Human","Yes","Yes",""
"qa/workspaces/moved-path/README_HE.txt","Unknown","QA",30943,8fd0e7a1333b5640dccd146998151622f65c44e72b0724410f2cbd73b20ce135,"2026-07-24T13:43:43.065Z","Human","Yes","Yes",""
"qa/workspaces/moved-path/SHARED_DATA_PATH.txt","Unknown","QA",301,d16e3c40e94092f0937ae1ec662e0ca7fd4f396e15bda0a391d15849fa1d1b5b,"2026-07-23T16:32:42.255Z","Human","Yes","Yes",""
"qa/workspaces/moved-path/START_MECHLEX.bat","Unknown","QA",167,ce27cb22d8028f1bf195e93c787863c24dc691d221603cf9602d18d1f23001bd,"2026-07-22T20:31:28.415Z","Human","Yes","Yes",""
"qa/workspaces/moved-path/style.css","Unknown","QA",166500,df50a16b9ab35e8ec5a67d97bb3d2ac79a2040db0f0b2e2f18581c3b07d2a41e,"2026-07-24T13:30:04.311Z","Human","Yes","Yes",""
"qa/workspaces/moved-path/TEST_REPORT_HE.txt","Unknown","QA",6455,666301e826ec8778f605e76a4e9e470829a64e772bea8d9b5328b7abe77216e3,"2026-07-23T16:52:52.411Z","Human","Yes","Yes",""
"qa/workspaces/moved-path/VERSION.txt","Unknown","QA",288,3c30d65de401f6b310550da2ac8decbeaa873cb3ee00bc54ab81976dabab4841,"2026-07-23T16:52:42.549Z","Human","Yes","Yes",""
"qa/workspaces/moved-path/גיבוי וורד - MechLex_Visual_Admin_Fork/app.js.docx","Unknown","QA",94041,111cd2aae552a1eff45fec3ef7885adbc87c7b9ccca22ba9900f6d3714c66e0a,"2026-07-23T17:14:47.427Z","Human","Yes","Yes",""
"qa/workspaces/moved-path/גיבוי וורד - MechLex_Visual_Admin_Fork/backups/content-backup-initial.json.docx","Unknown","QA",44325,d190693705078867bfca3c1fb07bed74eff3e21d03f56784c606818d3f6db58e,"2026-07-23T17:14:47.634Z","Human","Yes","Yes",""
"qa/workspaces/moved-path/גיבוי וורד - MechLex_Visual_Admin_Fork/backups/full-admin-backup-initial.json.docx","Unknown","QA",44632,d32be88afb46d7fe98630e74348f06193d9b67ea99d32bf74085bb9c730d4bba,"2026-07-23T17:14:47.892Z","Human","Yes","Yes",""
"qa/workspaces/moved-path/גיבוי וורד - MechLex_Visual_Admin_Fork/CHANGELOG_HE.txt.docx","Unknown","QA",38941,4077c82ac1e7ac827ae3c95d8c26b7f8e4652b06a8a079f930f5704ffad9102f,"2026-07-23T17:14:48.023Z","Human","Yes","Yes",""
"qa/workspaces/moved-path/גיבוי וורד - MechLex_Visual_Admin_Fork/core/boot.js.docx","Unknown","QA",37257,e84026a111d4306fdd3015a7d3232c71eec717c012293f6595d2514ad4e52ccf,"2026-07-23T17:14:48.190Z","Human","Yes","Yes",""
"qa/workspaces/moved-path/גיבוי וורד - MechLex_Visual_Admin_Fork/core/inline-editor.js.docx","Unknown","QA",39803,0e8a1841f6cf4e86455ed5b91a4ab45852e53ff189051b5084bd2623959fbf02,"2026-07-23T17:14:48.414Z","Human","Yes","Yes",""
"qa/workspaces/moved-path/גיבוי וורד - MechLex_Visual_Admin_Fork/core/integrity.js.docx","Unknown","QA",44249,c187159c16c1727d8e9a441b0ccea2c9d790afa033f629f7ddae2425d16d4f00,"2026-07-23T17:14:48.637Z","Human","Yes","Yes",""
"qa/workspaces/moved-path/גיבוי וורד - MechLex_Visual_Admin_Fork/core/persistence.js.docx","Unknown","QA",44919,ffcd46709a88d722e081b3347e07e9442fab49bf36c7861a8da42f4338ad4815,"2026-07-23T17:14:48.909Z","Human","Yes","Yes",""
"qa/workspaces/moved-path/גיבוי וורד - MechLex_Visual_Admin_Fork/core/shared-sync.js.docx","Unknown","QA",40144,32a8be126de901026b7278df79d913ad1ce0e9458269c966eb4a913083345e3a,"2026-07-23T17:14:49.146Z","Human","Yes","Yes",""
"qa/workspaces/moved-path/גיבוי וורד - MechLex_Visual_Admin_Fork/core/start-local-server.ps1.docx","Unknown","QA",41811,8b227370ccc78b49b64d285447f4ab4bbf55fa080c38e99095ec2c55756f038d,"2026-07-23T17:14:49.330Z","Human","Yes","Yes",""
"qa/workspaces/moved-path/גיבוי וורד - MechLex_Visual_Admin_Fork/data/mechlex-data.js.docx","Unknown","QA",43751,c0430d3657869e91d53b34eb34c626f5520bc897a42e4c14bcee648f30757569,"2026-07-23T17:14:49.502Z","Human","Yes","Yes",""
"qa/workspaces/moved-path/גיבוי וורד - MechLex_Visual_Admin_Fork/images/catalog.js.docx","Unknown","QA",36659,206385f349b931ff7786dee58ef3ab9859ac62b25c7d9b2264da724a60040cb3,"2026-07-23T17:14:49.594Z","Human","Yes","Yes",""
"qa/workspaces/moved-path/גיבוי וורד - MechLex_Visual_Admin_Fork/images/mechlex-icon.svg.docx","Unknown","QA",36929,e60077aa8400467f9877e34f3e482c0d9b2429ae59b4df70b55f01f0c75e3890,"2026-07-23T17:14:49.670Z","Human","Yes","Yes",""
"qa/workspaces/moved-path/גיבוי וורד - MechLex_Visual_Admin_Fork/images/README_IMAGES.txt.docx","Unknown","QA",37096,0cd31ef8900764791d8522958fbef073b5d1d9c6fb2d1df6f99ff199d142bfa5,"2026-07-23T17:14:49.735Z","Human","Yes","Yes",""
"qa/workspaces/moved-path/גיבוי וורד - MechLex_Visual_Admin_Fork/index.html.docx","Unknown","QA",48561,2ad6cf8f79f9cd24c3bfdb47dc24044b3864c3a1af0d09321c779f4e599b31f1,"2026-07-23T17:14:50.068Z","Human","Yes","Yes",""
"qa/workspaces/moved-path/גיבוי וורד - MechLex_Visual_Admin_Fork/MANIFEST_SHA256.txt.docx","Unknown","QA",38324,bb552e87c5f63bc119edace18e476940397a51774fa7e2cd7221afddcf5b4cd1,"2026-07-23T17:14:50.110Z","Human","Yes","Yes",""
"qa/workspaces/moved-path/גיבוי וורד - MechLex_Visual_Admin_Fork/package.json.docx","Unknown","QA",36891,5fbf4ef2cbffd36a0b891d35ea029d403b59d3bcf1af6c348a2faff75d3f27b9,"2026-07-23T17:14:50.195Z","Human","Yes","Yes",""
"qa/workspaces/moved-path/גיבוי וורד - MechLex_Visual_Admin_Fork/QUALITY_REPORT_HE.txt.docx","Unknown","QA",38218,e5ef63ee45ceb1f32f07b5bab0c4ddbef25889c98039b3822de0c4e085ae0aed,"2026-07-23T17:14:50.281Z","Human","Yes","Yes",""
"qa/workspaces/moved-path/גיבוי וורד - MechLex_Visual_Admin_Fork/README_HE.txt.docx","Unknown","QA",46471,cfbb5b4ae97b92e03e030be1ff47e7c69c4c908db45e96af26682c5fb49915bc,"2026-07-23T17:14:50.497Z","Human","Yes","Yes",""
"qa/workspaces/moved-path/גיבוי וורד - MechLex_Visual_Admin_Fork/SHARED_DATA_PATH.txt.docx","Unknown","QA",36806,4fadd52793b1c39db525adaaa7e6dc9a7e6d7de1e9eb6cd89d9ad1adbece2d76,"2026-07-23T17:14:50.557Z","Human","Yes","Yes",""
"qa/workspaces/moved-path/גיבוי וורד - MechLex_Visual_Admin_Fork/START_MECHLEX.bat.docx","Unknown","QA",36718,80bd45fbc890a2a23c6e72d3e63e2e5b8ac79f5226800bc17d29ca0a6826867a,"2026-07-23T17:14:50.634Z","Human","Yes","Yes",""
"qa/workspaces/moved-path/גיבוי וורד - MechLex_Visual_Admin_Fork/style.css.docx","Unknown","QA",67288,78580cbc9d2e117bf179c348b60eede9189c5792c991cb10ccb8a6b7a5bf830a,"2026-07-23T17:14:51.145Z","Human","Yes","Yes",""
"qa/workspaces/moved-path/גיבוי וורד - MechLex_Visual_Admin_Fork/tests/browser-layout.cjs.docx","Unknown","QA",40190,30a67438d133cc6d8c7a796e715f2807abeeb7a59858679c7a8520f576fc26ec,"2026-07-23T17:14:51.295Z","Human","Yes","Yes",""
"qa/workspaces/moved-path/גיבוי וורד - MechLex_Visual_Admin_Fork/tests/browser-smoke.cjs.docx","Unknown","QA",41999,0fe3e581b3fa87b5a03f73d152763cf4d43366353dc5199cb4429b237d9bc7bc,"2026-07-23T17:14:51.410Z","Human","Yes","Yes",""
"qa/workspaces/moved-path/גיבוי וורד - MechLex_Visual_Admin_Fork/tests/build-manifest.cjs.docx","Unknown","QA",37260,d8a3619b92e6a11b0724b222c270710c055d45827e60662d45e90b21652ff95d,"2026-07-23T17:14:51.464Z","Human","Yes","Yes",""
"qa/workspaces/moved-path/גיבוי וורד - MechLex_Visual_Admin_Fork/tests/build-word-backup.py.docx","Unknown","QA",38831,38699eb5919d9678c9cd5a7bebb8b28faa6df17a8e0cf9379e507ee02beb68fe,"2026-07-23T17:14:51.558Z","Human","Yes","Yes",""
"qa/workspaces/moved-path/גיבוי וורד - MechLex_Visual_Admin_Fork/tests/README_HE.txt.docx","Unknown","QA",37075,01670aedcb7c238e393b04ec17f1f671e5463b650f772f08a6a37516a574080b,"2026-07-23T17:14:51.635Z","Human","Yes","Yes",""
"qa/workspaces/moved-path/גיבוי וורד - MechLex_Visual_Admin_Fork/tests/shared-sync.cjs.docx","Unknown","QA",39259,824a0135b2ca642830ca7b3f0d1a95e92ef2ba9b360f6bd496b8519b1e941e62,"2026-07-23T17:14:51.690Z","Human","Yes","Yes",""
"qa/workspaces/moved-path/גיבוי וורד - MechLex_Visual_Admin_Fork/tests/validate-project.cjs.docx","Unknown","QA",40046,e7b649c0f10c32728f9127d1228c2d8a07cfc4d38319aa70f22c813f4c4529a2,"2026-07-23T17:14:51.752Z","Human","Yes","Yes",""
"qa/workspaces/moved-path/גיבוי וורד - MechLex_Visual_Admin_Fork/TEST_REPORT_HE.txt.docx","Unknown","QA",39261,030a81765578883728de35690cf828f41e465b7d18d3d0623a18233bf1c20b84,"2026-07-23T17:14:51.221Z","Human","Yes","Yes",""
"qa/workspaces/moved-path/גיבוי וורד - MechLex_Visual_Admin_Fork/VERSION.txt.docx","Unknown","QA",36794,b9c5991749f17a668f7c81f18597a2078c6fc27577fa136386421ddfbc244b9f,"2026-07-23T17:14:51.792Z","Human","Yes","Yes",""
"qa/workspaces/moved-path/גיבוי וורד - MechLex_Visual_Admin_Fork/הוראות_התקנה.txt.docx","Unknown","QA",37447,d41a0c4a117de8cb5f5348fc1f725b864f1f6ece8b6aeaf98cc3e3a9958a571b,"2026-07-23T17:14:51.839Z","Human","Yes","Yes",""
"qa/workspaces/moved-path/הוראות_התקנה.txt","Unknown","QA",1751,1d19e8dc5589d1b2fd875834249d19ca95615602fdbe0f71e2588ef0ffe71fe5,"2026-07-22T21:57:50.758Z","Human","Yes","Yes",""
"qa/workspaces/normal/app.js","Unknown","QA",235595,5f562ca54cd00747621816cd715a7c2a96675f243fc6e1950d0e59a227680a39,"2026-07-24T21:44:02.894Z","Human","Yes","Yes",""
"qa/workspaces/normal/backups/content-backup-initial.json","Unknown","QA",30371,545002c1c3225fe5eff3c6ca096c86f558cedf5ceee340e624ccba732fd3fa08,"2026-07-22T20:31:28.477Z","Human","Yes","Yes",""
"qa/workspaces/normal/backups/full-admin-backup-initial.json","Unknown","QA",31080,66d0705ec215b28dc4986a79d0b421ef6a5c48d083aed602fa7eeecd498dc322,"2026-07-22T20:31:28.486Z","Human","Yes","Yes",""
"qa/workspaces/normal/backups/README.md","Unknown","QA",1444,27d53be0568fd5ea70c24375d0f10f8d22639efc3a7f2b359b104d8a7a1e5f53,"2026-07-23T20:49:53.475Z","Human","Yes","Yes",""
"qa/workspaces/normal/CHANGELOG_HE.txt","Unknown","QA",7002,49643844e09a1444b84118ed121de8e83ecfb1fff25759451b263407a3ab6047,"2026-07-23T20:50:59.049Z","Human","Yes","Yes",""
"qa/workspaces/normal/core/boot.js","Unknown","QA",1299,f97a25bae6d7a9af7d1ed1515690ad563a74aba47adadc3fbb78b3f996018ce5,"2026-07-23T16:52:42.541Z","Human","Yes","Yes",""
"qa/workspaces/normal/core/inline-editor.js","Unknown","QA",13240,a4adb092bc84839e4f16e49adde6ae3cb73a359187f17cd82b3fe4c4b0eb88e6,"2026-07-23T20:37:32.653Z","Human","Yes","Yes",""
"qa/workspaces/normal/core/integrity.js","Unknown","QA",28589,1d99046dd4eb5e8822d0d1af9c5d4414f5c7ec6ec58050273ad16488b37d5a86,"2026-07-22T21:13:44.793Z","Human","Yes","Yes",""
"qa/workspaces/normal/core/persistence.js","Unknown","QA",29058,a1da3674c588d15af846c5a32b84cd935421ee6719aee639095a481bf0a6e159,"2026-07-23T16:52:42.546Z","Human","Yes","Yes",""
"qa/workspaces/normal/core/README.md","Unknown","QA",4448,d8068cfb8ca727f3a561fe6caf5eec4fe1d0b450f93e3c71f671ad98876c0cd9,"2026-07-23T20:48:51.537Z","Human","Yes","Yes",""
"qa/workspaces/normal/core/shared-sync.js","Unknown","QA",11385,66de6f067ce3903f515febeb24ae49cc2cc8de4c5d735ecc7a50625af96e62d4,"2026-07-23T16:47:55.452Z","Human","Yes","Yes",""
"qa/workspaces/normal/core/start-local-server.ps1","Unknown","QA",15801,2dde293fef39005454c7a01c6bf0d02727db98e17cc448c563e09eabeaf7872c,"2026-07-24T21:35:40.538Z","Human","Yes","Yes",""
"qa/workspaces/normal/data/mechlex-data.js","Unknown","QA",24221,81c81477745d8d54b74a5d56f24b8037948b59bbdf50b92d7aa79f3caf44d9d6,"2026-07-22T20:31:28.525Z","Human","Yes","Yes",""
"qa/workspaces/normal/data/README.md","Unknown","QA",1870,6e054ae3372fc9631dfeb9c806b48947236c00b9f405d62968a9fa672c7d654e,"2026-07-23T20:49:13.604Z","Human","Yes","Yes",""
"qa/workspaces/normal/images/catalog.js","Unknown","QA",74,011e1e60896d506ef33c1e80f88ef6be85f5fd7118bea43da872a3b617f294a8,"2026-07-22T20:31:28.540Z","Human","Yes","Yes",""
"qa/workspaces/normal/images/mechlex-icon.svg","Unknown","QA",600,6dad7efebccceb58f809efbc16849d35d883f6aa0d1236c4b28dfdbad9952a33,"2026-07-22T20:55:00.259Z","Human","Yes","Yes",""
"qa/workspaces/normal/images/README.md","Unknown","QA",2107,38bb4ebe76f838c4afcb7a381114db9586db0367605f1ad7b70fd311dbb56ee6,"2026-07-23T20:49:36.893Z","Human","Yes","Yes",""
"qa/workspaces/normal/images/README_IMAGES.txt","Unknown","QA",939,4411aa3a3d84adf5716731480de88776576c8b1a63219e37c004cf4b56f5ffbf,"2026-07-22T21:17:40.712Z","Human","Yes","Yes",""
"qa/workspaces/normal/index.html","Unknown","QA",53310,46f5e6a8143d4f7258c6a3afe299a825e5d6cf4c9419c53b13846357395f2e1b,"2026-07-24T13:14:38.949Z","Human","Yes","Yes",""
"qa/workspaces/normal/QUALITY_REPORT_HE.txt","Unknown","QA",3908,735a6818c9db3e5b1386b7539833fc8e411952cf894478ebb7f1e8ecdff94964,"2026-07-23T17:14:29.251Z","Human","Yes","Yes",""
"qa/workspaces/normal/README.md","Unknown","QA",15924,5d781da44dd15c2ef6b733d5800ee704596893ae1f810742f35e131c02337d99,"2026-07-24T21:47:19.346Z","Human","Yes","Yes",""
"qa/workspaces/normal/README_HE.txt","Unknown","QA",30943,8fd0e7a1333b5640dccd146998151622f65c44e72b0724410f2cbd73b20ce135,"2026-07-24T13:43:43.065Z","Human","Yes","Yes",""
"qa/workspaces/normal/SHARED_DATA_PATH.txt","Unknown","QA",301,d16e3c40e94092f0937ae1ec662e0ca7fd4f396e15bda0a391d15849fa1d1b5b,"2026-07-23T16:32:42.255Z","Human","Yes","Yes",""
"qa/workspaces/normal/START_MECHLEX.bat","Unknown","QA",167,ce27cb22d8028f1bf195e93c787863c24dc691d221603cf9602d18d1f23001bd,"2026-07-22T20:31:28.415Z","Human","Yes","Yes",""
"qa/workspaces/normal/style.css","Unknown","QA",166500,df50a16b9ab35e8ec5a67d97bb3d2ac79a2040db0f0b2e2f18581c3b07d2a41e,"2026-07-24T13:30:04.311Z","Human","Yes","Yes",""
"qa/workspaces/normal/TEST_REPORT_HE.txt","Unknown","QA",6455,666301e826ec8778f605e76a4e9e470829a64e772bea8d9b5328b7abe77216e3,"2026-07-23T16:52:52.411Z","Human","Yes","Yes",""
"qa/workspaces/normal/VERSION.txt","Unknown","QA",288,3c30d65de401f6b310550da2ac8decbeaa873cb3ee00bc54ab81976dabab4841,"2026-07-23T16:52:42.549Z","Human","Yes","Yes",""
"qa/workspaces/normal/גיבוי וורד - MechLex_Visual_Admin_Fork/app.js.docx","Unknown","QA",94041,111cd2aae552a1eff45fec3ef7885adbc87c7b9ccca22ba9900f6d3714c66e0a,"2026-07-23T17:14:47.427Z","Human","Yes","Yes",""
"qa/workspaces/normal/גיבוי וורד - MechLex_Visual_Admin_Fork/backups/content-backup-initial.json.docx","Unknown","QA",44325,d190693705078867bfca3c1fb07bed74eff3e21d03f56784c606818d3f6db58e,"2026-07-23T17:14:47.634Z","Human","Yes","Yes",""
"qa/workspaces/normal/גיבוי וורד - MechLex_Visual_Admin_Fork/backups/full-admin-backup-initial.json.docx","Unknown","QA",44632,d32be88afb46d7fe98630e74348f06193d9b67ea99d32bf74085bb9c730d4bba,"2026-07-23T17:14:47.892Z","Human","Yes","Yes",""
"qa/workspaces/normal/גיבוי וורד - MechLex_Visual_Admin_Fork/CHANGELOG_HE.txt.docx","Unknown","QA",38941,4077c82ac1e7ac827ae3c95d8c26b7f8e4652b06a8a079f930f5704ffad9102f,"2026-07-23T17:14:48.023Z","Human","Yes","Yes",""
"qa/workspaces/normal/גיבוי וורד - MechLex_Visual_Admin_Fork/core/boot.js.docx","Unknown","QA",37257,e84026a111d4306fdd3015a7d3232c71eec717c012293f6595d2514ad4e52ccf,"2026-07-23T17:14:48.190Z","Human","Yes","Yes",""
"qa/workspaces/normal/גיבוי וורד - MechLex_Visual_Admin_Fork/core/inline-editor.js.docx","Unknown","QA",39803,0e8a1841f6cf4e86455ed5b91a4ab45852e53ff189051b5084bd2623959fbf02,"2026-07-23T17:14:48.414Z","Human","Yes","Yes",""
"qa/workspaces/normal/גיבוי וורד - MechLex_Visual_Admin_Fork/core/integrity.js.docx","Unknown","QA",44249,c187159c16c1727d8e9a441b0ccea2c9d790afa033f629f7ddae2425d16d4f00,"2026-07-23T17:14:48.637Z","Human","Yes","Yes",""
"qa/workspaces/normal/גיבוי וורד - MechLex_Visual_Admin_Fork/core/persistence.js.docx","Unknown","QA",44919,ffcd46709a88d722e081b3347e07e9442fab49bf36c7861a8da42f4338ad4815,"2026-07-23T17:14:48.909Z","Human","Yes","Yes",""
"qa/workspaces/normal/גיבוי וורד - MechLex_Visual_Admin_Fork/core/shared-sync.js.docx","Unknown","QA",40144,32a8be126de901026b7278df79d913ad1ce0e9458269c966eb4a913083345e3a,"2026-07-23T17:14:49.146Z","Human","Yes","Yes",""
"qa/workspaces/normal/גיבוי וורד - MechLex_Visual_Admin_Fork/core/start-local-server.ps1.docx","Unknown","QA",41811,8b227370ccc78b49b64d285447f4ab4bbf55fa080c38e99095ec2c55756f038d,"2026-07-23T17:14:49.330Z","Human","Yes","Yes",""
"qa/workspaces/normal/גיבוי וורד - MechLex_Visual_Admin_Fork/data/mechlex-data.js.docx","Unknown","QA",43751,c0430d3657869e91d53b34eb34c626f5520bc897a42e4c14bcee648f30757569,"2026-07-23T17:14:49.502Z","Human","Yes","Yes",""
"qa/workspaces/normal/גיבוי וורד - MechLex_Visual_Admin_Fork/images/catalog.js.docx","Unknown","QA",36659,206385f349b931ff7786dee58ef3ab9859ac62b25c7d9b2264da724a60040cb3,"2026-07-23T17:14:49.594Z","Human","Yes","Yes",""
"qa/workspaces/normal/גיבוי וורד - MechLex_Visual_Admin_Fork/images/mechlex-icon.svg.docx","Unknown","QA",36929,e60077aa8400467f9877e34f3e482c0d9b2429ae59b4df70b55f01f0c75e3890,"2026-07-23T17:14:49.670Z","Human","Yes","Yes",""
"qa/workspaces/normal/גיבוי וורד - MechLex_Visual_Admin_Fork/images/README_IMAGES.txt.docx","Unknown","QA",37096,0cd31ef8900764791d8522958fbef073b5d1d9c6fb2d1df6f99ff199d142bfa5,"2026-07-23T17:14:49.735Z","Human","Yes","Yes",""
"qa/workspaces/normal/גיבוי וורד - MechLex_Visual_Admin_Fork/index.html.docx","Unknown","QA",48561,2ad6cf8f79f9cd24c3bfdb47dc24044b3864c3a1af0d09321c779f4e599b31f1,"2026-07-23T17:14:50.068Z","Human","Yes","Yes",""
"qa/workspaces/normal/גיבוי וורד - MechLex_Visual_Admin_Fork/MANIFEST_SHA256.txt.docx","Unknown","QA",38324,bb552e87c5f63bc119edace18e476940397a51774fa7e2cd7221afddcf5b4cd1,"2026-07-23T17:14:50.110Z","Human","Yes","Yes",""
"qa/workspaces/normal/גיבוי וורד - MechLex_Visual_Admin_Fork/package.json.docx","Unknown","QA",36891,5fbf4ef2cbffd36a0b891d35ea029d403b59d3bcf1af6c348a2faff75d3f27b9,"2026-07-23T17:14:50.195Z","Human","Yes","Yes",""
"qa/workspaces/normal/גיבוי וורד - MechLex_Visual_Admin_Fork/QUALITY_REPORT_HE.txt.docx","Unknown","QA",38218,e5ef63ee45ceb1f32f07b5bab0c4ddbef25889c98039b3822de0c4e085ae0aed,"2026-07-23T17:14:50.281Z","Human","Yes","Yes",""
"qa/workspaces/normal/גיבוי וורד - MechLex_Visual_Admin_Fork/README_HE.txt.docx","Unknown","QA",46471,cfbb5b4ae97b92e03e030be1ff47e7c69c4c908db45e96af26682c5fb49915bc,"2026-07-23T17:14:50.497Z","Human","Yes","Yes",""
"qa/workspaces/normal/גיבוי וורד - MechLex_Visual_Admin_Fork/SHARED_DATA_PATH.txt.docx","Unknown","QA",36806,4fadd52793b1c39db525adaaa7e6dc9a7e6d7de1e9eb6cd89d9ad1adbece2d76,"2026-07-23T17:14:50.557Z","Human","Yes","Yes",""
"qa/workspaces/normal/גיבוי וורד - MechLex_Visual_Admin_Fork/START_MECHLEX.bat.docx","Unknown","QA",36718,80bd45fbc890a2a23c6e72d3e63e2e5b8ac79f5226800bc17d29ca0a6826867a,"2026-07-23T17:14:50.634Z","Human","Yes","Yes",""
"qa/workspaces/normal/גיבוי וורד - MechLex_Visual_Admin_Fork/style.css.docx","Unknown","QA",67288,78580cbc9d2e117bf179c348b60eede9189c5792c991cb10ccb8a6b7a5bf830a,"2026-07-23T17:14:51.145Z","Human","Yes","Yes",""
"qa/workspaces/normal/גיבוי וורד - MechLex_Visual_Admin_Fork/tests/browser-layout.cjs.docx","Unknown","QA",40190,30a67438d133cc6d8c7a796e715f2807abeeb7a59858679c7a8520f576fc26ec,"2026-07-23T17:14:51.295Z","Human","Yes","Yes",""
"qa/workspaces/normal/גיבוי וורד - MechLex_Visual_Admin_Fork/tests/browser-smoke.cjs.docx","Unknown","QA",41999,0fe3e581b3fa87b5a03f73d152763cf4d43366353dc5199cb4429b237d9bc7bc,"2026-07-23T17:14:51.410Z","Human","Yes","Yes",""
"qa/workspaces/normal/גיבוי וורד - MechLex_Visual_Admin_Fork/tests/build-manifest.cjs.docx","Unknown","QA",37260,d8a3619b92e6a11b0724b222c270710c055d45827e60662d45e90b21652ff95d,"2026-07-23T17:14:51.464Z","Human","Yes","Yes",""
"qa/workspaces/normal/גיבוי וורד - MechLex_Visual_Admin_Fork/tests/build-word-backup.py.docx","Unknown","QA",38831,38699eb5919d9678c9cd5a7bebb8b28faa6df17a8e0cf9379e507ee02beb68fe,"2026-07-23T17:14:51.558Z","Human","Yes","Yes",""
"qa/workspaces/normal/גיבוי וורד - MechLex_Visual_Admin_Fork/tests/README_HE.txt.docx","Unknown","QA",37075,01670aedcb7c238e393b04ec17f1f671e5463b650f772f08a6a37516a574080b,"2026-07-23T17:14:51.635Z","Human","Yes","Yes",""
"qa/workspaces/normal/גיבוי וורד - MechLex_Visual_Admin_Fork/tests/shared-sync.cjs.docx","Unknown","QA",39259,824a0135b2ca642830ca7b3f0d1a95e92ef2ba9b360f6bd496b8519b1e941e62,"2026-07-23T17:14:51.690Z","Human","Yes","Yes",""
"qa/workspaces/normal/גיבוי וורד - MechLex_Visual_Admin_Fork/tests/validate-project.cjs.docx","Unknown","QA",40046,e7b649c0f10c32728f9127d1228c2d8a07cfc4d38319aa70f22c813f4c4529a2,"2026-07-23T17:14:51.752Z","Human","Yes","Yes",""
"qa/workspaces/normal/גיבוי וורד - MechLex_Visual_Admin_Fork/TEST_REPORT_HE.txt.docx","Unknown","QA",39261,030a81765578883728de35690cf828f41e465b7d18d3d0623a18233bf1c20b84,"2026-07-23T17:14:51.221Z","Human","Yes","Yes",""
"qa/workspaces/normal/גיבוי וורד - MechLex_Visual_Admin_Fork/VERSION.txt.docx","Unknown","QA",36794,b9c5991749f17a668f7c81f18597a2078c6fc27577fa136386421ddfbc244b9f,"2026-07-23T17:14:51.792Z","Human","Yes","Yes",""
"qa/workspaces/normal/גיבוי וורד - MechLex_Visual_Admin_Fork/הוראות_התקנה.txt.docx","Unknown","QA",37447,d41a0c4a117de8cb5f5348fc1f725b864f1f6ece8b6aeaf98cc3e3a9958a571b,"2026-07-23T17:14:51.839Z","Human","Yes","Yes",""
"qa/workspaces/normal/הוראות_התקנה.txt","Unknown","QA",1751,1d19e8dc5589d1b2fd875834249d19ca95615602fdbe0f71e2588ef0ffe71fe5,"2026-07-22T21:57:50.758Z","Human","Yes","Yes",""
"qa/workspaces/regression-shared-20260724T222035302Z/.mechlex-state.lock","Unknown","QA",0,e3b0c44298fc1c149afbf4c8996fb92427ae41e4649b934ca495991b7852b855,"2026-07-24T22:20:41.837Z","Human","Yes","Yes",""
"qa/workspaces/regression-shared-20260724T222035302Z/history/state-r1-20260724T222041882Z.json","Unknown","QA",79927,f2a53721b74e09cc5dfe4a4da23799857f20d87866ecb45318a02db28e654e29,"2026-07-24T22:20:41.879Z","Human","Yes","No",""
"qa/workspaces/regression-shared-20260724T222035302Z/history/state-r2-20260724T222050944Z.json","Unknown","QA",79948,6b8ce0ed311ffd72b6a837b417a6eb4c17e1f27cac99484acef3c526594fb05e,"2026-07-24T22:20:50.905Z","Human","Yes","No",""
"qa/workspaces/regression-shared-20260724T222035302Z/history/state-r3-20260724T222051568Z.json","Unknown","QA",83356,8fc1c9c21ca33f1531585925eb3d6169c13bf68c3ac303373ee3496e32c6440d,"2026-07-24T22:20:51.549Z","Human","Yes","No",""
"qa/workspaces/regression-shared-20260724T222035302Z/history/state-r4-20260724T222054372Z.json","Unknown","QA",79948,d43c79923ad4268c1793dc2dc5873e2e0134ae2578f0ce72d54dc031e9e5db8c,"2026-07-24T22:20:54.341Z","Human","Yes","No",""
"qa/workspaces/regression-shared-20260724T222035302Z/state.json","Unknown","QA",79948,d43c79923ad4268c1793dc2dc5873e2e0134ae2578f0ce72d54dc031e9e5db8c,"2026-07-24T22:20:54.341Z","Human","Yes","No",""
"qa/workspaces/regression-shared-20260724T222035302Z/state.previous.json","Unknown","QA",83356,8fc1c9c21ca33f1531585925eb3d6169c13bf68c3ac303373ee3496e32c6440d,"2026-07-24T22:20:51.549Z","Human","Yes","Yes",""
"qa/workspaces/shared-api-1784930486251/.mechlex-state.lock","Unknown","QA",0,e3b0c44298fc1c149afbf4c8996fb92427ae41e4649b934ca495991b7852b855,"2026-07-24T22:01:27.129Z","Human","Yes","Yes",""
"qa/workspaces/shared-api-1784930486251/history/state-r1-20260724T220127173Z.json","Unknown","QA",2147,7ce299944fe8a4abf24cab0d0171d5cf06e100a50afd3f4d97606540829e2cbb,"2026-07-24T22:01:27.170Z","Human","Yes","No",""
"qa/workspaces/shared-api-1784930486251/history/state-r10-20260724T220127460Z.json","Unknown","QA",2136,13c6aad05c0222659519caf0a2d7062de807919688b2e701f0c20f58a7a4de9a,"2026-07-24T22:01:27.450Z","Human","Yes","No",""
"qa/workspaces/shared-api-1784930486251/history/state-r11-20260724T220127489Z.json","Unknown","QA",2145,2b580cd4778320733a90ca54618c659132f47402ae5fd1e0bc897d90a1996d8a,"2026-07-24T22:01:27.480Z","Human","Yes","No",""
"qa/workspaces/shared-api-1784930486251/history/state-r12-20260724T220127549Z.json","Unknown","QA",2145,68119ea5c4abcc77bcdfab7149f88dd8e6e5e9690497c8ddf3a27d529a2093a2,"2026-07-24T22:01:27.540Z","Human","Yes","No",""
"qa/workspaces/shared-api-1784930486251/history/state-r13-20260724T220127575Z.json","Unknown","QA",2145,a3549c40d8bc522544241883e9316d0e0d0511207421b9017db50edd442a2623,"2026-07-24T22:01:27.565Z","Human","Yes","No",""
"qa/workspaces/shared-api-1784930486251/history/state-r14-20260724T220127600Z.json","Unknown","QA",2145,7066e73de236b1056a122096c55f80b90e1742e5150a9a0c525c9c45ef3c5df8,"2026-07-24T22:01:27.591Z","Human","Yes","No",""
"qa/workspaces/shared-api-1784930486251/history/state-r15-20260724T220127625Z.json","Unknown","QA",2145,6c4593414f7f3b695736250e852e41b19c3ec62cb16b87be655a6cb831e4b28c,"2026-07-24T22:01:27.615Z","Human","Yes","No",""
"qa/workspaces/shared-api-1784930486251/history/state-r16-20260724T220127654Z.json","Unknown","QA",2145,8f43d64025b14125e555caa2c2e2da1aedc259626020167c0321998130164b26,"2026-07-24T22:01:27.644Z","Human","Yes","No",""
"qa/workspaces/shared-api-1784930486251/history/state-r17-20260724T220127683Z.json","Unknown","QA",2145,a4a930d64b5a083e2f7873574cfad86f0647e148f9607a87870245c3baeb326a,"2026-07-24T22:01:27.673Z","Human","Yes","No",""
"qa/workspaces/shared-api-1784930486251/history/state-r18-20260724T220127710Z.json","Unknown","QA",2145,cd10c4fb581a11364efe17616b49bee10fb050c978043f593de03a28302087fc,"2026-07-24T22:01:27.701Z","Human","Yes","No",""
"qa/workspaces/shared-api-1784930486251/history/state-r19-20260724T220127751Z.json","Unknown","QA",2145,4114f30f75a9385fe7725288f77c24ddeae7cabddc5f2aa5845faec4425946ee,"2026-07-24T22:01:27.742Z","Human","Yes","No",""
"qa/workspaces/shared-api-1784930486251/history/state-r2-20260724T220127232Z.json","Unknown","QA",2135,56c3f98945b20658aa00a4c142d9b49561e6a8e23f59b6354b40d62108843043,"2026-07-24T22:01:27.223Z","Human","Yes","No",""
"qa/workspaces/shared-api-1784930486251/history/state-r20-20260724T220127776Z.json","Unknown","QA",2145,0719fecec33f10c1a4f926b88264bfeb95be69a093b4ec7505e7f119bdd7b2f7,"2026-07-24T22:01:27.766Z","Human","Yes","No",""
"qa/workspaces/shared-api-1784930486251/history/state-r21-20260724T220127801Z.json","Unknown","QA",2145,9d25c81f6a3375539d51f0af9a70e8969f158852a36c9a415e946d44b4b638d8,"2026-07-24T22:01:27.793Z","Human","Yes","No",""
"qa/workspaces/shared-api-1784930486251/history/state-r3-20260724T220127264Z.json","Unknown","QA",2135,0de2a1382ac18f9b4ad5a70aea5c6d9cea0ae8ef995d95cc041d1070274a22ab,"2026-07-24T22:01:27.255Z","Human","Yes","No",""
"qa/workspaces/shared-api-1784930486251/history/state-r4-20260724T220127292Z.json","Unknown","QA",2135,f863fc85fbb6609ac023745776604f3e60c13be306470f7e316436385969c3d6,"2026-07-24T22:01:27.283Z","Human","Yes","No",""
"qa/workspaces/shared-api-1784930486251/history/state-r5-20260724T220127319Z.json","Unknown","QA",2135,1af6dfdb9b02f3aad7de9cadb93198e8f342b3d0e23b9773549c5dc00d3e3958,"2026-07-24T22:01:27.310Z","Human","Yes","No",""
"qa/workspaces/shared-api-1784930486251/history/state-r6-20260724T220127348Z.json","Unknown","QA",2135,2a3b196c23b32637561292166281b998de188cca8d28c14da576811caf17e804,"2026-07-24T22:01:27.339Z","Human","Yes","No",""
"qa/workspaces/shared-api-1784930486251/history/state-r7-20260724T220127376Z.json","Unknown","QA",2135,d9befea5404734f1737d30b5457fa1d376bc8217068f44bb381627cd5bc9a519,"2026-07-24T22:01:27.366Z","Human","Yes","No",""
"qa/workspaces/shared-api-1784930486251/history/state-r8-20260724T220127404Z.json","Unknown","QA",2135,e156eb177c603ab2f7705cf367f68f52423ee86094c467eb5f800c7e817fb25d,"2026-07-24T22:01:27.393Z","Human","Yes","No",""
"qa/workspaces/shared-api-1784930486251/history/state-r9-20260724T220127432Z.json","Unknown","QA",2135,525a2b3dcabc4c3623ce4b929fbac7762275a6cba0b183664f4d0dbdf458112d,"2026-07-24T22:01:27.422Z","Human","Yes","No",""
"qa/workspaces/shared-api-1784930486251/state.json","Unknown","QA",2145,9d25c81f6a3375539d51f0af9a70e8969f158852a36c9a415e946d44b4b638d8,"2026-07-24T22:01:27.878Z","Human","Yes","No",""
"qa/workspaces/shared-api-1784930486251/state.previous.json","Unknown","QA",2145,0719fecec33f10c1a4f926b88264bfeb95be69a093b4ec7505e7f119bdd7b2f7,"2026-07-24T22:01:27.766Z","Human","Yes","Yes",""
"qa/workspaces/shared-api-1784931636182/.mechlex-state.lock","Unknown","QA",0,e3b0c44298fc1c149afbf4c8996fb92427ae41e4649b934ca495991b7852b855,"2026-07-24T22:20:37.176Z","Human","Yes","Yes",""
"qa/workspaces/shared-api-1784931636182/history/state-r1-20260724T222037217Z.json","Unknown","QA",2147,96d266684440dd8663c9ef8b69accb45da1d94ed496988ba99172db8edb3c2e1,"2026-07-24T22:20:37.215Z","Human","Yes","No",""
"qa/workspaces/shared-api-1784931636182/history/state-r10-20260724T222037568Z.json","Unknown","QA",2136,bd76e20292853149d7d949b97631dfaf3e57a96e1d38f71d3e923a99b409db80,"2026-07-24T22:20:37.558Z","Human","Yes","No",""
"qa/workspaces/shared-api-1784931636182/history/state-r11-20260724T222037632Z.json","Unknown","QA",2145,16be71a57ffa72304df54eb5bd1113f80e28f8316bf8a8084579374b3cf68d8a,"2026-07-24T22:20:37.622Z","Human","Yes","No",""
"qa/workspaces/shared-api-1784931636182/history/state-r12-20260724T222037660Z.json","Unknown","QA",2145,a1aa7673dc26f64c7b449a04af654988f13a54274e90b4267211c05adec3fe02,"2026-07-24T22:20:37.650Z","Human","Yes","No",""
"qa/workspaces/shared-api-1784931636182/history/state-r13-20260724T222037701Z.json","Unknown","QA",2145,f3d8a5469645d65b747fce03e4754caa52f95616df2ef5b5807d5648e5d168d9,"2026-07-24T22:20:37.692Z","Human","Yes","No",""
"qa/workspaces/shared-api-1784931636182/history/state-r14-20260724T222037731Z.json","Unknown","QA",2145,63ba85d864905b939ecbaba2c63ffc237441808c6bd61195a0a89f3443232a29,"2026-07-24T22:20:37.722Z","Human","Yes","No",""
"qa/workspaces/shared-api-1784931636182/history/state-r15-20260724T222037762Z.json","Unknown","QA",2145,2c6074c983401d0fdecadfd8d78f63d1b30016b0933a1e5f3a23ada1b0fde5eb,"2026-07-24T22:20:37.748Z","Human","Yes","No",""
"qa/workspaces/shared-api-1784931636182/history/state-r16-20260724T222037794Z.json","Unknown","QA",2145,fdd778aecd8edf2fa2198c6a6aea5ec3944a7a14ffe718e2c94550b4180e3c74,"2026-07-24T22:20:37.784Z","Human","Yes","No",""
"qa/workspaces/shared-api-1784931636182/history/state-r17-20260724T222037822Z.json","Unknown","QA",2145,689034b948a4c07cbbe043b56b7fe5c67b5be72b23fb016a9a4e8f86e9727e8f,"2026-07-24T22:20:37.813Z","Human","Yes","No",""
"qa/workspaces/shared-api-1784931636182/history/state-r18-20260724T222037849Z.json","Unknown","QA",2145,59692d70e43ecfa643eac6769c62ae6dca51a23fc1be60123b2e986f6f8d6674,"2026-07-24T22:20:37.838Z","Human","Yes","No",""
"qa/workspaces/shared-api-1784931636182/history/state-r19-20260724T222037873Z.json","Unknown","QA",2145,b726d81a5a835cdf186012054bffbdab517f86e1248d85859c1e0cbc7066e596,"2026-07-24T22:20:37.864Z","Human","Yes","No",""
"qa/workspaces/shared-api-1784931636182/history/state-r2-20260724T222037274Z.json","Unknown","QA",2135,9d5b962e1357a78e53d99d9c72ea940ea5484bb2e8db340cd9b95ebd96b86ae7,"2026-07-24T22:20:37.262Z","Human","Yes","No",""
"qa/workspaces/shared-api-1784931636182/history/state-r20-20260724T222037905Z.json","Unknown","QA",2145,50101fe750d72dcd2a3a5d3b1ba5af8c9a1f3fe5cac9b1dbba52a8c925a6e3b7,"2026-07-24T22:20:37.895Z","Human","Yes","No",""
"qa/workspaces/shared-api-1784931636182/history/state-r21-20260724T222037932Z.json","Unknown","QA",2145,82f77f18678a56ed71cd54c7580e6e36957a103a0709d8cac8f91cda549eb335,"2026-07-24T22:20:37.922Z","Human","Yes","No",""
"qa/workspaces/shared-api-1784931636182/history/state-r3-20260724T222037323Z.json","Unknown","QA",2135,49cd1bb8a62fd85d4f5598f042d268da9278810a36f476d61e4572a6a9fd9c7d,"2026-07-24T22:20:37.303Z","Human","Yes","No",""
"qa/workspaces/shared-api-1784931636182/history/state-r4-20260724T222037365Z.json","Unknown","QA",2135,389ab5c3ed0fc04e644cf856ce212a0c2ce25002a4c83e44855d11d118ca74e1,"2026-07-24T22:20:37.349Z","Human","Yes","No",""
"qa/workspaces/shared-api-1784931636182/history/state-r5-20260724T222037421Z.json","Unknown","QA",2135,0e5cfbf2f6a9076bd216fa797040d95819fec98c03f3416303b05e8a8eea5b3d,"2026-07-24T22:20:37.404Z","Human","Yes","No",""
"qa/workspaces/shared-api-1784931636182/history/state-r6-20260724T222037456Z.json","Unknown","QA",2135,95a5342f8c07663d153134570ea8a9231bac1a9a9e0d0358bef9526ba0e5624c,"2026-07-24T22:20:37.446Z","Human","Yes","No",""
"qa/workspaces/shared-api-1784931636182/history/state-r7-20260724T222037481Z.json","Unknown","QA",2135,2e2f25e10d1e139fd661b976dc38aaa6502b31b5d1a8f084346ecc013a7d62de,"2026-07-24T22:20:37.472Z","Human","Yes","No",""
"qa/workspaces/shared-api-1784931636182/history/state-r8-20260724T222037508Z.json","Unknown","QA",2135,9091af74e164eaa424f832514ab971660e93fcc23cda7a46c2bd4b98e3650434,"2026-07-24T22:20:37.499Z","Human","Yes","No",""
"qa/workspaces/shared-api-1784931636182/history/state-r9-20260724T222037538Z.json","Unknown","QA",2135,79e5d1376a700605c1455a331d8abff704f5e41e48fd03418541705db3722d73,"2026-07-24T22:20:37.527Z","Human","Yes","No",""
"qa/workspaces/shared-api-1784931636182/state.json","Unknown","QA",2145,82f77f18678a56ed71cd54c7580e6e36957a103a0709d8cac8f91cda549eb335,"2026-07-24T22:20:37.989Z","Human","Yes","No",""
"qa/workspaces/shared-api-1784931636182/state.previous.json","Unknown","QA",2145,50101fe750d72dcd2a3a5d3b1ba5af8c9a1f3fe5cac9b1dbba52a8c925a6e3b7,"2026-07-24T22:20:37.895Z","Human","Yes","Yes",""
"QUALITY_REPORT_HE.txt","Unknown","Other",3908,735a6818c9db3e5b1386b7539833fc8e411952cf894478ebb7f1e8ecdff94964,"2026-07-23T17:14:29.251Z","Human","Yes","Yes",""
"README.md","Unknown","Documentation",15924,5d781da44dd15c2ef6b733d5800ee704596893ae1f810742f35e131c02337d99,"2026-07-24T21:47:19.346Z","Human","Yes","Yes",""
"README_HE.txt","Unknown","Documentation",30943,8fd0e7a1333b5640dccd146998151622f65c44e72b0724410f2cbd73b20ce135,"2026-07-24T13:43:43.065Z","Human","Yes","Yes",""
"SHARED_DATA_PATH.txt","Unknown","Other",301,d16e3c40e94092f0937ae1ec662e0ca7fd4f396e15bda0a391d15849fa1d1b5b,"2026-07-23T16:32:42.255Z","Human","Yes","Yes",""
"START_MECHLEX.bat","Unknown","Production",167,ce27cb22d8028f1bf195e93c787863c24dc691d221603cf9602d18d1f23001bd,"2026-07-22T20:31:28.415Z","Human","Yes","Yes",""
"style.css","Unknown","Production",166492,7e507af3adb81dec5c3bb6d8c63b70999bbc22ef8f7e85907bc2e64e3c5fcb38,"2026-07-25T17:47:42.825Z","Human","Yes","Yes",""
"test_50mb.ps1","Unknown","Production",265,3f16910477641f05242f6f576ded419bb2b0b100ceea2fa4fd6fadd01ff8972a,"2026-07-25T17:34:00.295Z","Human","Yes","Yes",""
"test_post.ps1","Unknown","Production",742,6cd8a3b64ef5f5a14a01d70f268278968756e095dbb56435dd69d53bed23cb91,"2026-07-25T16:29:06.787Z","Human","Yes","Yes",""
"TEST_REPORT_HE.txt","Unknown","Other",6455,666301e826ec8778f605e76a4e9e470829a64e772bea8d9b5328b7abe77216e3,"2026-07-23T16:52:52.411Z","Human","Yes","Yes",""
"VERSION.txt","Unknown","Other",288,3c30d65de401f6b310550da2ac8decbeaa873cb3ee00bc54ab81976dabab4841,"2026-07-23T16:52:42.549Z","Human","Yes","Yes",""
"גיבוי וורד - MechLex_Visual_Admin_Fork/app.js.docx","Unknown","Other",94041,111cd2aae552a1eff45fec3ef7885adbc87c7b9ccca22ba9900f6d3714c66e0a,"2026-07-23T17:14:47.427Z","Human","Yes","Yes",""
"גיבוי וורד - MechLex_Visual_Admin_Fork/backups/content-backup-initial.json.docx","Unknown","Data",44325,d190693705078867bfca3c1fb07bed74eff3e21d03f56784c606818d3f6db58e,"2026-07-23T17:14:47.634Z","Human","Yes","Yes",""
"גיבוי וורד - MechLex_Visual_Admin_Fork/backups/full-admin-backup-initial.json.docx","Unknown","Data",44632,d32be88afb46d7fe98630e74348f06193d9b67ea99d32bf74085bb9c730d4bba,"2026-07-23T17:14:47.892Z","Human","Yes","Yes",""
"גיבוי וורד - MechLex_Visual_Admin_Fork/CHANGELOG_HE.txt.docx","Unknown","Other",38941,4077c82ac1e7ac827ae3c95d8c26b7f8e4652b06a8a079f930f5704ffad9102f,"2026-07-23T17:14:48.023Z","Human","Yes","Yes",""
"גיבוי וורד - MechLex_Visual_Admin_Fork/core/boot.js.docx","Unknown","Other",37257,e84026a111d4306fdd3015a7d3232c71eec717c012293f6595d2514ad4e52ccf,"2026-07-23T17:14:48.190Z","Human","Yes","Yes",""
"גיבוי וורד - MechLex_Visual_Admin_Fork/core/inline-editor.js.docx","Unknown","Other",39803,0e8a1841f6cf4e86455ed5b91a4ab45852e53ff189051b5084bd2623959fbf02,"2026-07-23T17:14:48.414Z","Human","Yes","Yes",""
"גיבוי וורד - MechLex_Visual_Admin_Fork/core/integrity.js.docx","Unknown","Other",44249,c187159c16c1727d8e9a441b0ccea2c9d790afa033f629f7ddae2425d16d4f00,"2026-07-23T17:14:48.637Z","Human","Yes","Yes",""
"גיבוי וורד - MechLex_Visual_Admin_Fork/core/persistence.js.docx","Unknown","Other",44919,ffcd46709a88d722e081b3347e07e9442fab49bf36c7861a8da42f4338ad4815,"2026-07-23T17:14:48.909Z","Human","Yes","Yes",""
"גיבוי וורד - MechLex_Visual_Admin_Fork/core/shared-sync.js.docx","Unknown","Other",40144,32a8be126de901026b7278df79d913ad1ce0e9458269c966eb4a913083345e3a,"2026-07-23T17:14:49.146Z","Human","Yes","Yes",""
"גיבוי וורד - MechLex_Visual_Admin_Fork/core/start-local-server.ps1.docx","Unknown","Other",41811,8b227370ccc78b49b64d285447f4ab4bbf55fa080c38e99095ec2c55756f038d,"2026-07-23T17:14:49.330Z","Human","Yes","Yes",""
"גיבוי וורד - MechLex_Visual_Admin_Fork/data/mechlex-data.js.docx","Unknown","Other",43751,c0430d3657869e91d53b34eb34c626f5520bc897a42e4c14bcee648f30757569,"2026-07-23T17:14:49.502Z","Human","Yes","Yes",""
"גיבוי וורד - MechLex_Visual_Admin_Fork/images/catalog.js.docx","Unknown","Other",36659,206385f349b931ff7786dee58ef3ab9859ac62b25c7d9b2264da724a60040cb3,"2026-07-23T17:14:49.594Z","Human","Yes","Yes",""
"גיבוי וורד - MechLex_Visual_Admin_Fork/images/mechlex-icon.svg.docx","Unknown","Other",36929,e60077aa8400467f9877e34f3e482c0d9b2429ae59b4df70b55f01f0c75e3890,"2026-07-23T17:14:49.670Z","Human","Yes","Yes",""
"גיבוי וורד - MechLex_Visual_Admin_Fork/images/README_IMAGES.txt.docx","Unknown","Documentation",37096,0cd31ef8900764791d8522958fbef073b5d1d9c6fb2d1df6f99ff199d142bfa5,"2026-07-23T17:14:49.735Z","Human","Yes","Yes",""
"גיבוי וורד - MechLex_Visual_Admin_Fork/index.html.docx","Unknown","Other",48561,2ad6cf8f79f9cd24c3bfdb47dc24044b3864c3a1af0d09321c779f4e599b31f1,"2026-07-23T17:14:50.068Z","Human","Yes","Yes",""
"גיבוי וורד - MechLex_Visual_Admin_Fork/MANIFEST_SHA256.txt.docx","Unknown","Other",38324,bb552e87c5f63bc119edace18e476940397a51774fa7e2cd7221afddcf5b4cd1,"2026-07-23T17:14:50.110Z","Human","Yes","Yes",""
"גיבוי וורד - MechLex_Visual_Admin_Fork/package.json.docx","Unknown","Other",36891,5fbf4ef2cbffd36a0b891d35ea029d403b59d3bcf1af6c348a2faff75d3f27b9,"2026-07-23T17:14:50.195Z","Human","Yes","Yes",""
"גיבוי וורד - MechLex_Visual_Admin_Fork/QUALITY_REPORT_HE.txt.docx","Unknown","Other",38218,e5ef63ee45ceb1f32f07b5bab0c4ddbef25889c98039b3822de0c4e085ae0aed,"2026-07-23T17:14:50.281Z","Human","Yes","Yes",""
"גיבוי וורד - MechLex_Visual_Admin_Fork/README_HE.txt.docx","Unknown","Documentation",46471,cfbb5b4ae97b92e03e030be1ff47e7c69c4c908db45e96af26682c5fb49915bc,"2026-07-23T17:14:50.497Z","Human","Yes","Yes",""
"גיבוי וורד - MechLex_Visual_Admin_Fork/SHARED_DATA_PATH.txt.docx","Unknown","Other",36806,4fadd52793b1c39db525adaaa7e6dc9a7e6d7de1e9eb6cd89d9ad1adbece2d76,"2026-07-23T17:14:50.557Z","Human","Yes","Yes",""
"גיבוי וורד - MechLex_Visual_Admin_Fork/START_MECHLEX.bat.docx","Unknown","Other",36718,80bd45fbc890a2a23c6e72d3e63e2e5b8ac79f5226800bc17d29ca0a6826867a,"2026-07-23T17:14:50.634Z","Human","Yes","Yes",""
"גיבוי וורד - MechLex_Visual_Admin_Fork/style.css.docx","Unknown","Other",67288,78580cbc9d2e117bf179c348b60eede9189c5792c991cb10ccb8a6b7a5bf830a,"2026-07-23T17:14:51.145Z","Human","Yes","Yes",""
"גיבוי וורד - MechLex_Visual_Admin_Fork/tests/browser-layout.cjs.docx","Unknown","Other",40190,30a67438d133cc6d8c7a796e715f2807abeeb7a59858679c7a8520f576fc26ec,"2026-07-23T17:14:51.295Z","Human","Yes","Yes",""
"גיבוי וורד - MechLex_Visual_Admin_Fork/tests/browser-smoke.cjs.docx","Unknown","Other",41999,0fe3e581b3fa87b5a03f73d152763cf4d43366353dc5199cb4429b237d9bc7bc,"2026-07-23T17:14:51.410Z","Human","Yes","Yes",""
"גיבוי וורד - MechLex_Visual_Admin_Fork/tests/build-manifest.cjs.docx","Unknown","Other",37260,d8a3619b92e6a11b0724b222c270710c055d45827e60662d45e90b21652ff95d,"2026-07-23T17:14:51.464Z","Human","Yes","Yes",""
"גיבוי וורד - MechLex_Visual_Admin_Fork/tests/build-word-backup.py.docx","Unknown","Other",38831,38699eb5919d9678c9cd5a7bebb8b28faa6df17a8e0cf9379e507ee02beb68fe,"2026-07-23T17:14:51.558Z","Human","Yes","Yes",""
"גיבוי וורד - MechLex_Visual_Admin_Fork/tests/README_HE.txt.docx","Unknown","Documentation",37075,01670aedcb7c238e393b04ec17f1f671e5463b650f772f08a6a37516a574080b,"2026-07-23T17:14:51.635Z","Human","Yes","Yes",""
"גיבוי וורד - MechLex_Visual_Admin_Fork/tests/shared-sync.cjs.docx","Unknown","Other",39259,824a0135b2ca642830ca7b3f0d1a95e92ef2ba9b360f6bd496b8519b1e941e62,"2026-07-23T17:14:51.690Z","Human","Yes","Yes",""
"גיבוי וורד - MechLex_Visual_Admin_Fork/tests/validate-project.cjs.docx","Unknown","Other",40046,e7b649c0f10c32728f9127d1228c2d8a07cfc4d38319aa70f22c813f4c4529a2,"2026-07-23T17:14:51.752Z","Human","Yes","Yes",""
"גיבוי וורד - MechLex_Visual_Admin_Fork/TEST_REPORT_HE.txt.docx","Unknown","Other",39261,030a81765578883728de35690cf828f41e465b7d18d3d0623a18233bf1c20b84,"2026-07-23T17:14:51.221Z","Human","Yes","Yes",""
"גיבוי וורד - MechLex_Visual_Admin_Fork/VERSION.txt.docx","Unknown","Other",36794,b9c5991749f17a668f7c81f18597a2078c6fc27577fa136386421ddfbc244b9f,"2026-07-23T17:14:51.792Z","Human","Yes","Yes",""
"גיבוי וורד - MechLex_Visual_Admin_Fork/הוראות_התקנה.txt.docx","Unknown","Other",37447,d41a0c4a117de8cb5f5348fc1f725b864f1f6ece8b6aeaf98cc3e3a9958a571b,"2026-07-23T17:14:51.839Z","Human","Yes","Yes",""
"הוראות_התקנה.txt","Unknown","Other",1751,1d19e8dc5589d1b2fd875834249d19ca95615602fdbe0f71e2588ef0ffe71fe5,"2026-07-22T21:57:50.758Z","Human","Yes","Yes",""
